,id,response
0,AAPC-IP_LG-067-Tumor-SM-3NC6Z,0
1,PR-03-1026,0
2,PROS10448-SUTC.01115091-SM-4JC6Y,1
3,TCGA-CH-5746,0
4,AAPC-IP_LG-083-Tumor-SM-3NC7C,0
5,TCGA-CH-5789,0
6,TCGA-CH-5752,0
7,TCGA-KC-A4BL,0
8,AAPC-STID0000010902-Tumor-SM-2XU1E,0
9,TCGA-KK-A7B1,0
10,PRAD-6115402.0-SM-7LGUP,1
11,TCGA-KC-A4BV,0
12,TCGA-KK-A7AY,0
13,TCGA-XK-AAK1,0
14,SC_9140,1
15,PROS10448-SUTC.01115090-SM-4JC6W,1
16,PRAD-DFCI.11-104.15-SM-3S2HH,1
17,TCGA-HC-A6AL,0
18,TCGA-EJ-A46I,0
19,MO_1262,1
20,TCGA-EJ-7785,0
21,MO_1040,1
22,PROS11496-6115288-SM-6CNQ1,1
23,TCGA-EJ-5527,0
24,AAPC-IP_LG-091-Tumor-SM-3NC7I,0
25,TCGA-KK-A8IK,0
26,TCGA-J4-A67S,0
27,TCGA-EJ-A46F,0
28,TCGA-XQ-A8TB,0
29,SC_9036,1
30,AAPC-STID0000010880-Tumor-SM-2XU1C,0
31,TCGA-XK-AAIR,0
32,TCGA-VP-A872,0
33,TCGA-CH-5763,0
34,05-148E3_LIVER,1
35,TCGA-EJ-8468,0
36,P03-1334,0
37,PROS12319B-SU2C-06115120-SM-4W2NF,1
38,AAPC-STID0000002869-Tumor-SM-2XU51,0
39,SC_9128,1
40,PROS10448-1115157-SM-5EEBO,1
41,SC_9136,1
42,P09-1580,0
43,PRAD-6115383.0-SM-7LGU6,1
44,PR-09-5702,0
45,P09-1372,0
46,TCGA-KK-A8IM,0
47,MO_1162,1
48,TCGA-KK-A8I7,0
49,TCGA-HC-8213,0
50,PRAD-6115401.0-SM-7LGUO,1
51,P07-144,0
52,TCGA-YL-A9WJ,0
53,12-011I7_LN,1
54,SC_9076,1
55,AAPC-IP_LG-079-Tumor-SM-3NC7A,0
56,TCGA-EJ-5510,0
57,AAPC-STID0000021563-Tumor-SM-2XTYU,0
58,PR-00-1823,0
59,TCGA-KK-A7B3,0
60,TCGA-ZG-A9LN,0
61,SC_9019,1
62,PM156,1
63,TCGA-EJ-7791,0
64,AAPC-STID0000021577-Tumor-SM-3RVWH,0
65,PROS12319B-SU2C-06115123-SM-4W2NI,1
66,TCGA-ZG-A9LM,0
67,TCGA-G9-7525,0
68,SC_9094,1
69,TCGA-J4-A67N,0
70,SC_9099,1
71,TCGA-YL-A8SP,0
72,TCGA-J4-AAU2,0
73,TCGA-ZG-A9L6,0
74,PR-01-1934,0
75,MO_1460,1
76,TCGA-FC-A66V,0
77,PM154,1
78,TCGA-G9-6343,0
79,AAPC-STID0000021574-Tumor-SM-3RVWF,0
80,TCGA-KK-A7B2,0
81,MO_1074,1
82,PROS10448-SUTC.01115092-SM-4JC74,1
83,AAPC-STID0000021600-Tumor-SM-3RVWL,0
84,TCGA-EJ-5524,0
85,TCGA-HC-8266,0
86,TCGA-HC-7209,0
87,SC_9058,1
88,SC_9071,1
89,TCGA-EJ-A7NM,0
90,TCGA-ZG-A8QX,0
91,TCGA-V1-A8MM,0
92,24852,1
93,PROS12319B-SU2C-06115121-SM-4W2NG,1
94,PR-04-194,0
95,PROS12319B-SU2C-06115114-SM-4W2N9,1
96,AAPC-STID0000011640-Tumor-SM-2XU1H,0
97,TCGA-V1-A9Z8,0
98,PROS12319B-SU2C-06115118-SM-4W2ND,1
99,TCGA-KC-A4BR,0
100,PROS01448-6115247-SM-67ES2,1
101,SC_9024,1
102,MO_1337,1
103,PROS11496-6115295-SM-6CNQ7,1
104,AAPC-STID0000011949-Tumor-SM-2XU1I,0
105,P06-1125,0
106,PRAD-STID7520-Tumor-SM-2RXM6,0
107,SC_9002,1
108,TCGA-HI-7169,0
109,PR-02-1899,0
110,98-362B1_LN,1
111,TCGA-XK-AAJT,0
112,SC_9093,1
113,TCGA-ZG-A9L2,0
114,TCGA-YL-A8HM,0
115,99-064O_LN,1
116,TCGA-G9-6363,0
117,TCGA-ZG-A9N3,0
118,TCGA-XK-AAIV,0
119,05-221MM1_BONE,1
120,TCGA-V1-A9O7,0
121,TCGA-CH-5745,0
122,SC_9007,1
123,TCGA-HC-7081,0
124,03-192B_LUNG,1
125,P04-2666,0
126,TCGA-EJ-A65F,0
127,PROS10448-1115126-SM-5EEBI,1
128,SC_9141,1
129,SC_9039,1
130,TCGA-EJ-A8FU,0
131,TCGA-YL-A8SQ,0
132,AAPC-STID0000011381-Tumor-SM-2XU1F,0
133,P01-28,0
134,AAPC-IP_LG-019-Tumor-SM-3NC61,0
135,PM2,1
136,PM158,1
137,TCGA-ZG-A9NI,0
138,TCGA-QU-A6IN,0
139,TCGA-4L-AA1F,0
140,PRAD-6115385.0-SM-7LGU7,1
141,TCGA-G9-6494,0
142,TCGA-J4-8200,0
143,P06-1696,0
144,AAPC-STID0000012568-Tumor-SM-2XU1M,0
145,TCGA-J4-AATZ,0
146,TCGA-J4-8198,0
147,TCGA-EJ-5508,0
148,SC_9124,1
149,TCGA-G9-A9S0,0
150,TCGA-VN-A88R,0
151,SC_9021,1
152,PR-04-3347,0
153,TCGA-KK-A6DY,0
154,PR-04-3222,0
155,TCGA-CH-5750,0
156,TCGA-XJ-A83G,0
157,MO_1124,1
158,TCGA-J9-A52D,0
159,PR-3034,0
160,SC_9173,1
161,TCGA-ZG-A9LB,0
162,PR-2761,0
163,TCGA-V1-A8WS,0
164,TCGA-KK-A8I5,0
165,TCGA-EJ-7793,0
166,PROS01448-1115202-SM-5SGU5,1
167,PROS11496-6115236-SM-6CNPW,1
168,PRAD-6115394.0-SM-7LGUG,1
169,AAPC-STID0000021556-Tumor-SM-3RVW9,0
170,TCGA-HC-A8D0,0
171,TCGA-M7-A720,0
172,PR-09-2744,0
173,TCGA-EJ-5501,0
174,PR-09-5446,0
175,TCGA-KK-A6E6,0
176,TCGA-ZG-A9LS,0
177,TCGA-XA-A8JR,0
178,TCGA-HC-7740,0
179,P03-2345,0
180,TCGA-KK-A8IH,0
181,TCGA-YL-A8SF,0
182,TCGA-EJ-A46B,0
183,TCGA-EJ-7786,0
184,TCGA-YL-A8SC,0
185,AAPC-STID0000021608-Tumor-SM-3RVWO,0
186,PM14,1
187,TCGA-FC-7708,0
188,P04-47,0
189,TCGA-ZG-A9L1,0
190,TCGA-EJ-A6RC,0
191,P03-1426,0
192,TCGA-KK-A6E8,0
193,05-217L3_LUNG,1
194,TCGA-EJ-5531,0
195,TCGA-YL-A8SH,0
196,TP_2077,1
197,PROS01448-6115227-SM-67ERU,1
198,PR-02-254,0
199,TCGA-HC-8264,0
200,AAPC-STID0000021586-Tumor-SM-2XU24,0
201,TCGA-MG-AAMC,0
202,TCGA-HC-7212,0
203,TCGA-HC-A4ZV,0
204,TP_2032,1
205,TCGA-2A-A8VX,0
206,03-139E3_RETROPERITONEAL,1
207,TCGA-HC-7752,0
208,10363,0
209,PROS10448-SUTC.01115085-SM-4JC6J,1
210,TCGA-EJ-5511,0
211,TCGA-KK-A8I6,0
212,01-095N1_LN,1
213,PR-0099,0
214,22171,0
215,21016,0
216,AAPC-STID0000013409-Tumor-SM-2XU1R,0
217,TCGA-G9-6333,0
218,TCGA-J9-A52B,0
219,SC_9091,1
220,TCGA-EJ-A7NF,0
221,AAPC-STID0000020209-Tumor-SM-2XU21,0
222,PM163,1
223,AAPC-STID0000007540-Tumor-SM-2XU15,0
224,TCGA-HC-A631,0
225,TCGA-V1-A9ZR,0
226,SC_9006,1
227,PROS12319B-SU2C-06115119-SM-4W2NE,1
228,SC_9040,1
229,TCGA-VN-A88O,0
230,P05-3859,0
231,SC_9123,1
232,MO_1316,1
233,TCGA-ZG-A8QY,0
234,04-149E2_LN,1
235,TCGA-KK-A7B0,0
236,PRAD-01115349-SM-6VZ7M,1
237,SC_9023,1
238,MO_1094,1
239,TCGA-YL-A9WY,0
240,21510,0
241,PR-01-2492,0
242,AAPC-IP_LG-075-Tumor-SM-3NC76,0
243,PRAD-6115397.0-SM-7LGUJ,1
244,PR-05-3595,0
245,TCGA-M7-A71Z,0
246,SC_9150,1
247,PROS10448-SUTC.01115081-SM-4JC6A,1
248,TCGA-EJ-7783,0
249,TCGA-2A-A8W3,0
250,AAPC-STID0000021551-Tumor-SM-2XTYN,0
251,01-087MM_BONE,1
252,TCGA-CH-5744,0
253,PM121,1
254,PR-02-1736,0
255,P05-3852,0
256,P03-2620,0
257,PR-3026,0
258,PROS10448P28-SU2C.01115016-SM-42W9D,1
259,SC_9030,1
260,TCGA-KK-A7AU,0
261,SC_9073,1
262,7951,1
263,TCGA-EJ-7125,0
264,21011,0
265,PM119,1
266,PRAD-6115389.0-SM-7LGUB,1
267,SC_9017,1
268,TCGA-EJ-5517,0
269,AAPC-STID0000009880-Tumor-SM-2XU19,0
270,MO_1096,1
271,TCGA-HC-A8CY,0
272,TCGA-XJ-A83F,0
273,TCGA-HC-7211,0
274,AAPC-IP_LG-061-Tumor-SM-3NC6X,0
275,P09-649,0
276,TCGA-YL-A8SK,0
277,TCGA-HC-7075,0
278,TCGA-EJ-7792,0
279,SC_9097,1
280,PROS01448-DFCI.10-448.P30-SM-5CQ4V,1
281,MO_1421,1
282,TCGA-VP-AA1N,0
283,SC_9153,1
284,P07-5036,0
285,TCGA-EJ-7218,0
286,PROS01448-1115161-SM-5SGU1,1
287,SC_9079,1
288,AAPC-STID0000021557-Tumor-SM-3RVWA,0
289,SC_9025,1
290,03-163S4_LIVER,1
291,TCGA-G9-6338,0
292,TCGA-EJ-A65E,0
293,TCGA-G9-6367,0
294,TCGA-G9-6351,0
295,TCGA-EJ-A7NH,0
296,TCGA-HC-8216,0
297,MO_1339,1
298,TCGA-X4-A8KQ,0
299,TCGA-FC-A6HD,0
300,SC_9148,1
301,AAPC-STID0000001044-Tumor-SM-2XU23,0
302,PROS11496-6115285-SM-6CNPX,1
303,TCGA-ZG-A9LY,0
304,PM15,1
305,TCGA-HC-7232,0
306,SC_9068,1
307,TCGA-HC-A6AS,0
308,TCGA-KK-A59V,0
309,TCGA-EJ-8469,0
310,TCGA-EJ-7789,0
311,PR-04-903,0
312,TCGA-J4-A67R,0
313,TCGA-XJ-A9DQ,0
314,07-042H2_LN,1
315,TCGA-FC-A8O0,0
316,TCGA-J9-A52C,0
317,MO_1114,1
318,99-090A2_LIVER,1
319,TCGA-HI-7168,0
320,P02-1562,0
321,AAPC-STID0000021599-Tumor-SM-2XTZO,0
322,99-091J_LN,1
323,TCGA-HC-7213,0
324,TCGA-EJ-5512,0
325,TCGA-G9-6342,0
326,PROS01448-DFCI.10-448.P15-SM-5CQ5D,1
327,PR-01-2554,0
328,05-165O_ADRENAL,1
329,PROS12319B-SU2C-06115115-SM-4W2NA,1
330,MO_1447,1
331,TCGA-VN-A943,0
332,PROS01448-DFCI.10-448.P22-SM-5CQ5H,1
333,TP_2064,1
334,SC_9165,1
335,PR-2740,0
336,TCGA-FC-7961,0
337,TCGA-XJ-A9DX,0
338,AAPC-STID0000021594-Tumor-SM-3RVWJ,0
339,AAPC-STID0000003820-Tumor-SM-2XTZW,0
340,TCGA-YL-A8HK,0
341,P03-3391,0
342,SC_9163,1
343,TCGA-V1-A9OA,0
344,MO_1179,1
345,TCGA-EJ-7797,0
346,TCGA-HC-7747,0
347,P09-120,0
348,AAPC-IP_LG-051-Tumor-SM-3NC6N,0
349,MO_1095,1
350,PRAD-6115400.0-SM-7LGUM,1
351,AAPC-IP_LG-053-Tumor-SM-3NC6P,0
352,TCGA-XK-AAJ3,0
353,TCGA-EJ-7784,0
354,TCGA-HC-7233,0
355,PR-2915,0
356,TCGA-WW-A8ZI,0
357,TCGA-KK-A8IL,0
358,05-116F_LUNG,1
359,SC_9080,1
360,TCGA-H9-7775,0
361,AAPC-STID0000021598-Tumor-SM-2XTZN,0
362,PRAD-01115264-SM-6WZFA,1
363,PRAD-01115257-SM-6WZF8,1
364,AAPC-STID0000012110-Tumor-SM-2XU1J,0
365,PRAD-01115343-SM-6VZ7N,1
366,TCGA-HC-A8D1,0
367,TCGA-V1-A8MK,0
368,TCGA-H9-A6BY,0
369,TCGA-KK-A6E7,0
370,TCGA-YL-A9WH,0
371,PROS01448-6115250-SM-67ES4,1
372,P04-1243,0
373,PR-09-5245,0
374,P07-360,0
375,20870,1
376,TCGA-KK-A5A1,0
377,MO_1020,1
378,TCGA-KK-A8I9,0
379,TCGA-KK-A7AZ,0
380,PROS10448-1115150-SM-5EEBK,1
381,PR-3023,0
382,MO_1105,1
383,SC_9031,1
384,TCGA-EJ-5503,0
385,TCGA-HC-A6AQ,0
386,PRAD-6115403.0-SM-7LGUQ,1
387,TCGA-FC-A5OB,0
388,TCGA-J4-A67M,0
389,TCGA-YL-A8HL,0
390,TCGA-V1-A9O9,0
391,TCGA-EJ-5542,0
392,TCGA-YL-A8SA,0
393,AAPC-STID0000021593-Tumor-SM-2XTZH,0
394,AAPC-STID0000008920-Tumor-SM-2XU17,0
395,TCGA-EJ-5509,0
396,TCGA-EJ-5518,0
397,PROS11496-6115319-SM-6CNQ3,1
398,TCGA-EJ-A65J,0
399,PR-00-160,0
400,PM124,1
401,TCGA-G9-A9S4,0
402,TCGA-G9-6370,0
403,MO_1277,1
404,AAPC-STID0000007180-Tumor-SM-2XU14,0
405,TCGA-CH-5771,0
406,MO_1128,1
407,TCGA-EJ-A65D,0
408,PROS10448-SUTC.01115082-SM-4JC6B,1
409,AAPC-STID0000015908-Tumor-SM-2XU1U,0
410,TCGA-HC-7078,0
411,TCGA-V1-A9OQ,0
412,TCGA-KK-A6E0,0
413,TCGA-EJ-7781,0
414,P07-837,0
415,TCGA-CH-5764,0
416,P05-3436,0
417,MO_1176,1
418,TCGA-CH-5753,0
419,21017,0
420,PRAD-6115387.0-SM-7LGU9,1
421,TCGA-CH-5748,0
422,TCGA-2A-AAYU,0
423,TCGA-HC-7744,0
424,PM161,1
425,SC_9063,1
426,TCGA-EJ-A7NK,0
427,TCGA-CH-5769,0
428,TCGA-V1-A9OY,0
429,TCGA-G9-6366,0
430,TCGA-CH-5761,0
431,AAPC-STID0000010901-Tumor-SM-2XU1D,0
432,05-214BB2_BONE,1
433,PM90,1
434,PROS01448-6115235-SM-67ERY,1
435,TCGA-HC-A6HX,0
436,TCGA-ZG-A9KY,0
437,TCGA-KK-A59Y,0
438,PR-02-2072,0
439,SC_9151,1
440,TCGA-G9-6378,0
441,TCGA-KK-A6E5,0
442,AAPC-IP_LG-033-Tumor-SM-3NC6B,0
443,MO_1130,1
444,TCGA-G9-6339,0
445,TCGA-EJ-5498,0
446,TCGA-EJ-5494,0
447,00-029N9_LN,1
448,P09-2497,0
449,PROS11496-6115286-SM-6CNPY,1
450,SC_9028,1
451,TCGA-EJ-AB20,0
452,P03-871,0
453,PROS12319B-SU2C-06115122-SM-4W2NH,1
454,TCGA-G9-6336,0
455,TCGA-G9-6499,0
456,TCGA-CH-5754,0
457,MO_1012,1
458,MO_1084,1
459,SC_9043,1
460,TCGA-HC-7819,0
461,TCGA-ZG-A9L0,0
462,TCGA-G9-7519,0
463,SC_9092,1
464,TCGA-J4-A6G1,0
465,TCGA-EJ-5522,0
466,PRAD-6115398.0-SM-7LGUK,1
467,SC_9085,1
468,SC_9010,1
469,TCGA-HC-7230,0
470,TCGA-KK-A59Z,0
471,PRAD-6115381.0-SM-7LGU3,1
472,TCGA-J9-A8CM,0
473,SC_9026,1
474,PRAD-01115284-SM-6WZF6,1
475,TCGA-HC-A632,0
476,SC_9134,1
477,PM155,1
478,SC_9022,1
479,SC_9109,1
480,AAPC-IP_LG-031-Tumor-SM-3NC69,0
481,TCGA-XJ-A9DI,0
482,TCGA-G9-6353,0
483,PROS11496-6115320-SM-6CNQ4,1
484,09-006F1_RENAL,1
485,P04-1790,0
486,SC_9011,1
487,PR-09-3687,0
488,TCGA-ZG-A8QW,0
489,12688,0
490,AAPC-STID0000021583-Tumor-SM-3RVWI,0
491,PR-0415,0
492,SC_9104,1
493,PR-02-1082,0
494,P08-590,0
495,TCGA-XK-AAJA,0
496,TCGA-G9-6498,0
497,SC_9060,1
498,PRAD-6115390.0-SM-7LGUC,1
499,TCGA-XQ-A8TA,0
500,TCGA-V1-A9Z9,0
501,02-083E1_LN,1
502,PR-3036,0
503,P05-2212,0
504,TCGA-KK-A8IC,0
505,TCGA-V1-A9OT,0
506,TCGA-G9-6496,0
507,TCGA-EJ-5519,0
508,AAPC-STID0000021597-Tumor-SM-3RVWK,0
509,TCGA-VP-A875,0
510,AAPC-IP_LG-059-Tumor-SM-3NC6V,0
511,TCGA-J9-A8CN,0
512,TCGA-CH-5741,0
513,PRAD-STID18248-Tumor-SM-1RCU7,1
514,TCGA-V1-A9Z7,0
515,TCGA-G9-7523,0
516,12729,0
517,TCGA-YL-A8SL,0
518,08-093J1_LN,1
519,TCGA-G9-6371,0
