,id,response
0,SC_9011,1
1,PR-00-160,0
2,MO_1184,1
3,TCGA-KK-A6E4,0
4,24854,1
5,TCGA-CH-5792,0
6,TCGA-KK-A8IA,0
7,AAPC-STID0000002520-Tumor-SM-2XTZB,0
8,AAPC-STID0000021606-Tumor-SM-2XTZX,0
9,SC_9145,1
10,TCGA-FC-A66V,0
11,SC_9079,1
12,TCGA-CH-5737,0
13,TCGA-XJ-A83F,0
14,TCGA-KK-A6E2,0
15,PR-02-2480,0
16,TCGA-ZG-A9L2,0
17,TCGA-EJ-7792,0
18,TCGA-G9-6364,0
19,SC_9007,1
20,SC_9173,1
21,TCGA-KK-A6E6,0
22,P05-3852,0
23,PRAD-01115349-SM-6VZ7M,1
24,TCGA-HC-7750,0
25,AAPC-IP_LG-067-Tumor-SM-3NC6Z,0
26,AAPC-STID0000020209-Tumor-SM-2XU21,0
27,TCGA-ZG-A9MC,0
28,SC_9073,1
29,MO_1277,1
30,P04-2666,0
31,TCGA-YL-A9WY,0
32,AAPC-IP_LG-031-Tumor-SM-3NC69,0
33,SC_9023,1
34,TCGA-V1-A9ZR,0
35,TCGA-G9-6353,0
36,AAPC-STID0000010200-Tumor-SM-2XU1A,0
37,AAPC-STID0000010901-Tumor-SM-2XU1D,0
38,TCGA-YL-A9WL,0
39,PR-04-3222,0
40,AAPC-IP_LG-057-Tumor-SM-3NC6T,0
41,PR-2682,0
42,MO_1114,1
43,MO_1095,1
44,TCGA-YL-A8SP,0
45,05-148E3_LIVER,1
46,PR-01-2492,0
47,PRAD-6115387.0-SM-7LGU9,1
48,MO_1013,1
49,TCGA-KK-A7B3,0
50,TCGA-G9-6329,0
51,TCGA-V1-A9OA,0
52,PR-02-1736,0
53,SC_9094,1
54,TCGA-HC-7079,0
55,AAPC-STID0000012329-Tumor-SM-2XU1L,0
56,TCGA-ZG-A9NI,0
57,TCGA-HC-7744,0
58,PRAD-01115245-SM-6WZF3,1
59,SC_9172,1
60,TCGA-EJ-7318,0
61,MO_1094,1
62,TCGA-YL-A8SF,0
63,PROS01448-DFCI.10-448.P27-SM-5CQ5J,1
64,SC_9072,1
65,TCGA-G9-6370,0
66,TCGA-KK-A7B1,0
67,SC_9028,1
68,98-372L_LN,1
69,TCGA-KK-A8IH,0
70,TCGA-KK-A7AQ,0
71,05-221MM1_BONE,1
72,TCGA-ZG-A9KY,0
73,TCGA-V1-A9Z8,0
74,TCGA-X4-A8KS,0
75,02-083E1_LN,1
76,TCGA-HC-7211,0
77,SC_9134,1
78,SC_9136,1
79,TCGA-HC-7081,0
80,TCGA-KK-A6E0,0
81,P06-1125,0
82,08-093J1_LN,1
83,MO_1015,1
84,AAPC-STID0000003057-Tumor-SM-2XTZT,0
85,SC_9138,1
86,TCGA-CH-5741,0
87,TCGA-G9-6369,0
88,MO_1096,1
89,21017,0
90,TCGA-EJ-7786,0
91,TCGA-EJ-AB27,0
92,TCGA-YL-A8HK,0
93,TCGA-KK-A59Z,0
94,P02-2035,0
95,PR-09-2744,0
96,TCGA-G9-7510,0
97,TCGA-J4-A67R,0
98,PROS12319B-SU2C-06115118-SM-4W2ND,1
99,TCGA-EJ-5517,0
100,P09-1372,0
101,TCGA-EJ-A6RA,0
102,TCGA-2A-A8VT,0
103,PR-02-254,0
104,PR-2661,0
105,TCGA-V1-A9OT,0
106,PR-04-903,0
107,PROS10448-SUTC.01115089-SM-4JC6T,1
108,PM158,1
109,PM2,1
110,TCGA-EJ-7789,0
111,P07-837,0
112,TCGA-EJ-7784,0
113,TCGA-CH-5746,0
114,TCGA-HC-7232,0
115,AAPC-IP_LG-043-Tumor-SM-3NC6F,0
116,SC_9100,1
117,TCGA-J4-A67M,0
118,TCGA-EJ-A46I,0
119,TCGA-CH-5763,0
120,PRAD-6115381.0-SM-7LGU3,1
121,05-011G4_LUNG,1
122,SC_9148,1
123,07-042H2_LN,1
124,TCGA-HC-7748,0
125,P07-144,0
126,PROS01448-1115202-SM-5SGU5,1
127,PROS01448-6115219-SM-67ERS,1
128,PROS12319B-SU2C-06115114-SM-4W2N9,1
129,TCGA-J9-A8CL,0
130,11040,1
131,TCGA-G9-6371,0
132,TCGA-J9-A8CK,0
133,SC_9103,1
134,PR-09-2517,0
135,AAPC-STID0000011381-Tumor-SM-2XU1F,0
136,TCGA-EJ-A65J,0
137,TCGA-G9-6362,0
138,TCGA-EJ-A46B,0
139,P04-2599,0
140,AAPC-STID0000021584-Tumor-SM-2XTZ6,0
141,TCGA-CH-5772,0
142,MO_1215,1
143,TCGA-V1-A8WN,0
144,MO_1179,1
145,TCGA-VN-A88N,0
146,TCGA-XJ-A9DX,0
147,TCGA-HC-7819,0
148,PR-06-1999,0
149,TCGA-HC-A6AQ,0
150,TCGA-V1-A8MJ,0
151,PRAD-STID7520-Tumor-SM-2RXM6,0
152,PR-0099,0
153,PROS01448-1115183-SM-5SGU3,1
154,TCGA-G9-6333,0
155,AAPC-STID0000011580-Tumor-SM-2XU1G,0
156,TCGA-2A-AAYU,0
157,TCGA-G9-6499,0
158,P03-1334,0
159,PR-3048,0
160,PR-03-870,0
161,SC_9163,1
162,TCGA-VN-A88R,0
163,P09-120,0
164,TCGA-KK-A6E5,0
165,TCGA-HI-7168,0
166,TCGA-HC-7747,0
167,PM170,1
168,MO_1244,1
169,PR-00-1823,0
170,P04-1790,0
171,TCGA-EJ-5511,0
172,PROS11496-6115321-SM-6CNQ5,1
173,TCGA-FC-7708,0
174,SI_9157,1
175,TCGA-XJ-A9DQ,0
176,P07-5036,0
177,TCGA-KC-A4BL,0
178,TCGA-KK-A59X,0
179,TCGA-ZG-A9L9,0
180,TCGA-HI-7169,0
181,TCGA-ZG-A8QX,0
182,TCGA-HC-7817,0
183,TCGA-HI-7171,0
184,TCGA-QU-A6IN,0
185,AAPC-IP_LG-073-Tumor-SM-3NC74,0
186,12729,0
187,TCGA-YL-A8SI,0
188,PR-09-5245,0
189,TCGA-HC-7233,0
190,TCGA-EJ-5499,0
191,AAPC-STID0000001044-Tumor-SM-2XU23,0
192,TCGA-YL-A8SL,0
193,TCGA-YL-A9WJ,0
194,AAPC-IP_LG-049-Tumor-SM-3NC6L,0
195,MO_1012,1
196,TCGA-EJ-5525,0
197,PRAD-STID0000004240-Tumor-SM-S932,1
198,SC_9021,1
199,PR-0415,0
200,TCGA-XK-AAJA,0
201,TCGA-KC-A4BV,0
202,TCGA-YL-A8SJ,0
203,TCGA-V1-A9ZG,0
204,TCGA-KK-A8I7,0
205,SC_9126,1
206,PRAD-6115394.0-SM-7LGUG,1
207,AAPC-STID0000021602-Tumor-SM-2XTZR,0
208,AAPC-STID0000015908-Tumor-SM-2XU1U,0
209,TCGA-ZG-A9LY,0
210,AAPC-STID0000009880-Tumor-SM-2XU19,0
211,MO_1176,1
212,21016,0
213,99-091J_LN,1
214,SC_9024,1
215,TCGA-EJ-AB20,0
216,PRAD-6115388.0-SM-7LGUA,1
217,TCGA-V1-A9O7,0
218,SC_9151,1
219,AAPC-STID0000021574-Tumor-SM-3RVWF,0
220,TCGA-X4-A8KQ,0
221,TCGA-EJ-5531,0
222,TCGA-EJ-A7NH,0
223,MO_1124,1
224,PRAD-6115389.0-SM-7LGUB,1
225,AAPC-STID0000021551-Tumor-SM-2XTYN,0
226,TCGA-FC-A4JI,0
227,TCGA-KK-A5A1,0
228,TCGA-FC-A5OB,0
229,SC_9022,1
230,TCGA-FC-A6HD,0
231,PR-3036,0
232,AAPC-STID0000021586-Tumor-SM-2XU24,0
233,SC_9150,1
234,TCGA-CH-5766,0
235,PR-2872,0
236,TCGA-HC-A6AP,0
237,10362,0
238,TCGA-G9-6339,0
239,AAPC-STID0000013409-Tumor-SM-2XU1R,0
240,MO_1219,1
241,TCGA-KK-A8IG,0
242,TCGA-ZG-A9LM,0
243,TCGA-HC-7740,0
244,AAPC-STID0000021534-Tumor-SM-2XTYJ,0
245,TCGA-V1-A9OX,0
246,10680,0
247,SC_9153,1
248,TCGA-G9-6385,0
249,TCGA-KK-A8IK,0
250,PROS01448-6115224-SM-67ERT,1
251,PROS10448-1115150-SM-5EEBK,1
252,TCGA-J4-A67T,0
253,TCGA-VN-A943,0
254,SC_9140,1
255,PM159,1
256,SC_9142,1
257,TCGA-HC-7742,0
258,AAPC-IP_LG-051-Tumor-SM-3NC6N,0
259,TCGA-ZG-A9LZ,0
260,SC_9091,1
261,TCGA-HC-7749,0
262,AAPC-STID0000021608-Tumor-SM-3RVWO,0
263,SC_9004,1
264,TCGA-HC-7078,0
265,TCGA-XK-AAJ3,0
266,TCGA-G9-A9S0,0
267,PM172,1
268,TCGA-KK-A59V,0
269,03-163S4_LIVER,1
270,P02-1562,0
271,TCGA-XK-AAJT,0
272,TCGA-J9-A52B,0
273,SC_9123,1
274,TCGA-KK-A6DY,0
275,TCGA-CH-5754,0
276,PROS01448-DFCI.10-448.P30-SM-5CQ4V,1
277,TCGA-EJ-7791,0
278,TCGA-ZG-A8QW,0
279,TCGA-TP-A8TV,0
280,TCGA-HC-7745,0
281,TCGA-J4-A6G1,0
282,TCGA-EJ-7328,0
283,SC_9141,1
284,TP_2001,1
285,PROS01448-6115250-SM-67ES4,1
286,TP_2077,1
287,TCGA-V1-A8WS,0
288,PROS01448-6115227-SM-67ERU,1
289,P09-1580,0
290,TCGA-2A-A8W3,0
291,AAPC-STID0000003820-Tumor-SM-2XTZW,0
292,SC_9162,1
293,TCGA-ZG-A9LN,0
294,TCGA-G9-7521,0
295,TCGA-G9-6343,0
296,SC_9036,1
297,TCGA-J4-8198,0
298,08-037F1_LIVER,1
299,AAPC-STID0000021573-Tumor-SM-2XTYZ,0
300,TCGA-KC-A4BN,0
301,P09-649,0
302,TCGA-YL-A9WH,0
303,PR-09-5702,0
304,99-090A2_LIVER,1
305,TCGA-CH-5745,0
306,MO_1232,1
307,PROS11496-6115288-SM-6CNQ1,1
308,PROS01448-DFCI.10-448.P05-SM-581SL,1
309,MO_1339,1
310,TCGA-HC-8265,0
311,PR-01-1934,0
312,SC_9129,1
313,TCGA-G9-6336,0
314,TCGA-EJ-5496,0
315,AAPC-STID0000021537-Tumor-SM-3RVW7,0
316,PROS01448-1115200-SM-5SGU4,1
317,PRAD-6115397.0-SM-7LGUJ,1
318,MO_1071,1
319,PM6-Halo-TM,1
320,PROS01448-DFCI.10-448.P38-SM-5CQ52,1
321,PR-03-1026,0
322,PRAD-6115403.0-SM-7LGUQ,1
323,TCGA-CH-5740,0
324,PR-09-3566,0
325,09-006F1_RENAL,1
326,PRAD-01115264-SM-6WZFA,1
327,TCGA-J9-A8CM,0
328,PR-3034,0
329,PRAD-6115401.0-SM-7LGUO,1
330,PROS01448-6115237-SM-67ERZ,1
331,TCGA-VP-A875,0
332,PM156,1
333,TCGA-KK-A8I5,0
334,TCGA-EJ-5508,0
335,TCGA-EJ-7218,0
336,TCGA-XK-AAIV,0
337,MO_1008,1
338,AAPC-IP_LG-033-Tumor-SM-3NC6B,0
339,PRAD-01115284-SM-6WZF6,1
340,TCGA-VP-A872,0
341,TCGA-CH-5789,0
342,TCGA-EJ-5527,0
343,AAPC-IP_LG-079-Tumor-SM-3NC7A,0
344,AAPC-IP_LG-059-Tumor-SM-3NC6V,0
345,PROS12319B-SU2C-06115120-SM-4W2NF,1
346,TCGA-4L-AA1F,0
347,TCGA-ZG-A9L5,0
348,TCGA-EJ-5494,0
349,PROS10448-SUTC.01115081-SM-4JC6A,1
350,TP_2064,1
351,SC_9076,1
352,AAPC-STID0000021555-Tumor-SM-3RVW8,0
353,MO_1337,1
354,TCGA-EJ-A7NM,0
355,TCGA-HC-A632,0
356,TCGA-KC-A7FE,0
357,AAPC-STID0000021598-Tumor-SM-2XTZN,0
358,TCGA-EJ-7331,0
359,TCGA-CH-5748,0
360,TCGA-KK-A8I8,0
361,PRAD-6115385.0-SM-7LGU7,1
362,SC_9061,1
363,PR-05-839,0
364,PROS11496-6115320-SM-6CNQ4,1
365,PRAD-6115390.0-SM-7LGUC,1
366,PROS10448-1115154-SM-5EEBM,1
367,TCGA-G9-6366,0
368,TCGA-ZG-A9LS,0
369,TCGA-EJ-5502,0
370,SC_9097,1
371,TCGA-CH-5761,0
372,SC_9031,1
373,TCGA-EJ-A6RC,0
374,TCGA-ZG-A9LB,0
375,TCGA-G9-6378,0
376,TCGA-HC-8266,0
377,PRAD-6115400.0-SM-7LGUM,1
378,TCGA-YL-A9WI,0
379,TCGA-EJ-7115,0
380,PR-06-1651,0
381,03-139E3_RETROPERITONEAL,1
382,TCGA-EJ-A8FP,0
383,SC_9104,1
384,PR-05-3595,0
385,TCGA-ZG-A9M4,0
386,07-062F2_LUNG,1
387,TCGA-KK-A6E7,0
388,TCGA-V1-A9Z9,0
389,P06-1696,0
390,MO_1130,1
391,20870,1
392,MO_1249,1
393,TCGA-J4-AAU2,0
394,TCGA-CH-5753,0
395,TCGA-XQ-A8TB,0
396,SC_9058,1
397,TCGA-G9-A9S4,0
398,05-217L3_LUNG,1
399,AAPC-IP_LG-045-Tumor-SM-3NC6H,0
400,TCGA-CH-5738,0
401,P04-1084,0
402,TCGA-HC-7821,0
403,TCGA-XJ-A9DI,0
404,PROS01448-6115251-SM-67ES6,1
405,PR-2762,0
406,PROS10448P28-SU2C.01115016-SM-42W9D,1
407,TCGA-VN-A88O,0
408,AAPC-STID0000021550-Tumor-SM-2XTYM,0
409,P03-3391,0
410,PRAD-01115343-SM-6VZ7N,1
411,TCGA-EJ-A7NK,0
412,MO_1262,1
413,TCGA-CH-5752,0
414,SC_9018,1
415,PR-1024,0
416,AAPC-IP_LG-053-Tumor-SM-3NC6P,0
417,10361,0
418,SC_9128,1
419,12688,0
420,21510,0
421,PROS10448-SUTC.01115085-SM-4JC6J,1
422,TCGA-J9-A52C,0
423,TCGA-YL-A8S9,0
424,AAPC-IP_LG-083-Tumor-SM-3NC7C,0
425,AAPC-IP_LG-037-Tumor-SM-3NC6D,0
426,24852,1
427,20990,0
428,SC_9065,1
429,SC_9121,1
430,TCGA-YL-A8SA,0
431,P04-1243,0
432,PR-06-1749,0
433,PRAD-01115257-SM-6WZF8,1
434,SC_9056,1
435,TCGA-VP-AA1N,0
436,MO_1460,1
437,21020,0
438,TCGA-KK-A7B2,0
439,12-011I7_LN,1
440,TCGA-KK-A7B0,0
441,SC_9156,1
442,TCGA-XK-AAK1,0
443,TCGA-J4-A67N,0
444,TCGA-KK-A8IF,0
445,TCGA-HC-A6HY,0
446,TCGA-G9-6351,0
447,AAPC-IP_LG-077-Tumor-SM-3NC78,0
448,PR-04-639,0
449,98-362B1_LN,1
450,TCGA-HC-A6HX,0
451,TCGA-2A-A8VV,0
452,AAPC-STID0000021597-Tumor-SM-3RVWK,0
453,AAPC-STID0000021599-Tumor-SM-2XTZO,0
454,P01-28,0
455,TCGA-G9-6348,0
456,AAPC-STID0000021587-Tumor-SM-2XTZD,0
457,P05-3859,0
458,PROS10448-SUTC.01115090-SM-4JC6W,1
459,P07-360,0
460,SC_9109,1
461,AAPC-STID0000021595-Tumor-SM-2XTZK,0
462,SC_9082,1
463,TCGA-V1-A8X3,0
464,TCGA-EJ-7797,0
465,TCGA-KK-A6E1,0
466,PM155,1
467,TCGA-EJ-A65F,0
468,TCGA-J4-A67S,0
469,PR-02-2072,0
470,AAPC-STID0000007540-Tumor-SM-2XU15,0
471,TCGA-J4-AATV,0
472,TCGA-EJ-5510,0
473,PR-04-194,0
474,PROS10448-SUTC.01115091-SM-4JC6Y,1
475,TCGA-KC-A7F3,0
476,08-006H1_LN,1
477,TCGA-EJ-8474,0
478,SC_9084,1
479,P04-47,0
480,AAPC-IP_LG-075-Tumor-SM-3NC76,0
481,AAPC-STID0000010880-Tumor-SM-2XU1C,0
482,PROS01448-DFCI.10-448.P22-SM-5CQ5H,1
483,TCGA-YJ-A8SW,0
484,SC_9002,1
485,TCGA-YL-A8SC,0
486,TCGA-HC-A6AN,0
487,AAPC-STID0000021583-Tumor-SM-3RVWI,0
488,TCGA-KK-A8IJ,0
489,TCGA-WW-A8ZI,0
490,TCGA-EJ-5503,0
491,TCGA-EJ-A46F,0
492,PRAD-DFCI.11-104.15-SM-3S2HH,1
493,TCGA-YL-A8SK,0
494,AAPC-STID0000021593-Tumor-SM-2XTZH,0
495,TCGA-2A-A8W1,0
496,AAPC-STID0000021530-Tumor-SM-3RVW4,0
497,TCGA-EJ-A8FN,0
498,TCGA-EJ-7793,0
499,TCGA-XK-AAJR,0
500,MO_1241,1
501,PR-09-5094,0
502,PR-09-5446,0
503,TCGA-2A-A8VX,0
504,PR-01-2554,0
505,TCGA-CH-5794,0
506,TCGA-J4-8200,0
507,SC_9046,1
508,TCGA-HC-8264,0
509,SC_9068,1
510,SC_9030,1
511,PRAD-6115398.0-SM-7LGUK,1
512,SC_9043,1
513,PR-09-5630,0
514,AAPC-STID0000021563-Tumor-SM-2XTYU,0
515,TCGA-ZG-A9N3,0
516,P08-2516,0
517,PM154,1
518,TCGA-M7-A724,0
519,AAPC-STID0000021613-Tumor-SM-2XU1K,0
520,11-028L1_LUNG,1
521,TCGA-EJ-5519,0
522,SC_9075,1
523,PROS11496-6115285-SM-6CNPX,1
524,TCGA-HC-A76W,0
525,TCGA-CH-5764,0
526,P06-3676,0
527,PM161,1
528,SC_9088,1
529,TCGA-HC-7213,0
530,01-095N1_LN,1
531,SC_9019,1
532,TCGA-G9-7519,0
533,PROS01448-1115161-SM-5SGU1,1
534,TCGA-J9-A8CN,0
535,TCGA-HC-A6AS,0
536,TCGA-KK-A8II,0
537,PR-3023,0
538,TCGA-CH-5750,0
539,AAPC-STID0000021577-Tumor-SM-3RVWH,0
540,TCGA-HC-A631,0
541,AAPC-STID0000019028-Tumor-SM-2XU1X,0
542,TCGA-YL-A8SH,0
543,SC_9060,1
544,TCGA-G9-6338,0
545,12-021H4_LIVER,1
546,PR-02-1082,0
547,MO_1054,1
548,TCGA-HC-8261,0
549,TCGA-YL-A9WK,0
550,TCGA-H9-7775,0
551,TCGA-V1-A8MK,0
552,TCGA-XA-A8JR,0
553,AAPC-STID0000002869-Tumor-SM-2XU51,0
554,AAPC-STID0000021536-Tumor-SM-3RVW6,0
555,TCGA-HC-A8D1,0
556,PROS12319B-SU2C-06115119-SM-4W2NE,1
557,TCGA-HC-8213,0
558,PM14,1
559,SC_9139,1
560,TCGA-EJ-5512,0
561,PROS11496-6115286-SM-6CNPY,1
562,AAPC-IP_LG-021-Tumor-SM-3NC63,0
563,SC_9055,1
564,AAPC-STID0000011949-Tumor-SM-2XU1I,0
565,05-214BB2_BONE,1
566,TCGA-V1-A8MM,0
567,TCGA-YL-A8S8,0
568,AAPC-STID0000006860-Tumor-SM-2XU12,0
569,TCGA-KK-A7AY,0
570,TCGA-V1-A8WV,0
571,TCGA-CH-5739,0
572,AAPC-STID0000021562-Tumor-SM-2XTYT,0
573,TCGA-EJ-A65D,0
574,TCGA-EJ-5532,0
575,TCGA-KK-A8IL,0
576,TCGA-EJ-5530,0
577,AAPC-STID0000013388-Tumor-SM-2XU1Q,0
578,TCGA-G9-6342,0
579,TCGA-V1-A8WW,0
580,TCGA-KK-A8I6,0
581,MO_1162,1
582,PROS10448-SUTC.01115088-SM-4JC6Q,1
583,TCGA-J4-AATZ,0
584,TCGA-XK-AAIR,0
585,AAPC-STID0000021556-Tumor-SM-3RVW9,0
586,TCGA-FC-A8O0,0
587,01-087MM_BONE,1
588,TCGA-CH-5769,0
589,PRAD-STID18248-Tumor-SM-1RCU7,1
590,10363,0
591,AAPC-STID0000021605-Tumor-SM-3RVWN,0
592,SC_9001,1
593,TCGA-HC-A6AL,0
594,PR-3026,0
595,P03-2620,0
596,TCGA-EJ-5518,0
597,SC_9132,1
598,PR-04-3347,0
599,TCGA-G9-6361,0
600,TCGA-YL-A8HL,0
601,MO_1014,1
602,99-064O_LN,1
603,AAPC-STID0000021604-Tumor-SM-2XTZU,0
604,SC_9081,1
605,05-165O_ADRENAL,1
606,TCGA-CH-5744,0
607,TCGA-J9-A52D,0
608,AAPC-STID0000011640-Tumor-SM-2XU1H,0
609,SC_9059,1
610,AAPC-STID0000021594-Tumor-SM-3RVWJ,0
611,P04-2641,0
612,TCGA-ZG-A9L6,0
613,TCGA-G9-6498,0
614,PM163,1
615,TCGA-EJ-A65M,0
616,TCGA-V1-A9OQ,0
617,PR-09-2767,0
618,PROS10448-SUTC.01115086-SM-4JC6K,1
619,TCGA-HC-A8CY,0
620,TCGA-HC-A8D0,0
621,MO_1128,1
622,TCGA-V1-A9O9,0
623,PROS12319B-SU2C-06115115-SM-4W2NA,1
624,PR-2916,0
625,TCGA-EJ-A8FU,0
626,TCGA-CH-5743,0
627,TCGA-KK-A7AU,0
628,TCGA-MG-AAMC,0
629,TCGA-J4-A67L,0
630,MO_1118,1
631,TCGA-EJ-5498,0
632,PROS01448-6115234-SM-67ERX,1
633,PROS01448-DFCI.10-448.P20-SM-5CQ5F,1
634,TCGA-EJ-5509,0
635,TCGA-HC-7209,0
636,TCGA-KC-A4BO,0
637,TCGA-EJ-7781,0
638,PROS12319B-SU2C-06115122-SM-4W2NH,1
639,SC_9027,1
640,MO_1447,1
641,AAPC-STID0000021600-Tumor-SM-3RVWL,0
642,TCGA-ZG-A9L0,0
643,PR-3051,0
644,PROS10448-SUTC.01115092-SM-4JC74,1
645,MO_1316,1
646,SC_9063,1
647,SC_9016,1
648,TCGA-YL-A8SQ,0
649,TCGA-KK-A8ID,0
650,P05-3436,0
651,SC_9029,1
652,10-013F1_LN,1
653,TCGA-G9-6496,0
654,TCGA-KK-A8I9,0
655,PROS11496-6115236-SM-6CNPW,1
656,P03-1906,0
657,TCGA-FC-7961,0
658,05-116F_LUNG,1
659,TCGA-KK-A59Y,0
660,AAPC-STID0000008920-Tumor-SM-2XU17,0
661,PM90,1
662,PROS11496-6115295-SM-6CNQ7,1
663,TCGA-EJ-7788,0
664,PR-09-3687,0
665,AAPC-IP_LG-019-Tumor-SM-3NC61,0
666,TCGA-HC-7212,0
667,TP_2020,1
668,SC_9006,1
669,TCGA-EJ-7785,0
670,PR-02-1899,0
671,TCGA-XJ-A83G,0
672,PROS10448-1115126-SM-5EEBI,1
673,AAPC-STID0000012568-Tumor-SM-2XU1M,0
674,TCGA-HC-8216,0
675,PROS11496-6115323-SM-6CNQ8,1
676,PROS01448-6115247-SM-67ES2,1
677,TCGA-KC-A7F6,0
678,TCGA-EJ-8469,0
679,TCGA-EJ-A46G,0
680,SC_9093,1
681,SC_9025,1
682,MO_1202,1
683,TCGA-EJ-8468,0
684,PROS12319B-SU2C-06115121-SM-4W2NG,1
685,TCGA-HC-7820,0
686,MO_1132,1
687,P09-2497,0
688,TCGA-EJ-5501,0
689,SC_9099,1
690,SC_9092,1
691,TCGA-V1-A9OH,0
692,SC_9040,1
693,TCGA-J4-A6G3,0
694,MO_1040,1
695,TCGA-EJ-7782,0
696,26731,0
697,TCGA-XK-AAIW,0
698,MO_1410,1
699,TCGA-HC-7230,0
700,PROS10448-1115157-SM-5EEBO,1
701,MO_1084,1
702,TCGA-G9-6367,0
703,TCGA-EJ-7125,0
704,TCGA-G9-6494,0
705,TCGA-G9-6363,0
706,TCGA-HC-7752,0
707,TCGA-CH-5771,0
708,04-149E2_LN,1
709,TCGA-HC-A76X,0
710,SC_9010,1
711,SC_9083,1
712,TCGA-QU-A6IL,0
713,TCGA-EJ-5542,0
714,00-029N9_LN,1
715,PM15,1
716,PROS01448-DFCI.10-448.P40-SM-5CQ53,1
717,TCGA-YL-A9WX,0
718,TCGA-M7-A720,0
719,P00-000450,0
720,AAPC-STID0000012110-Tumor-SM-2XU1J,0
721,TCGA-G9-7525,0
722,PROS10448-SUTC.01115082-SM-4JC6B,1
723,AAPC-STID0000021557-Tumor-SM-3RVWA,0
724,03-192B_LUNG,1
725,TCGA-G9-6347,0
726,PM119,1
727,AAPC-STID0000021532-Tumor-SM-3RVW5,0
728,SC_9165,1
729,TCGA-HC-7737,0
730,TCGA-YL-A8HJ,0
731,SC_9071,1
732,SC_9114,1
733,21011,0
734,TCGA-EJ-5522,0
735,TCGA-YL-A8HM,0
736,PROS01448-6115235-SM-67ERY,1
737,TCGA-M7-A71Z,0
738,TCGA-SU-A7E7,0
739,SC_9080,1
740,MO_1074,1
741,TCGA-H9-A6BY,0
742,TCGA-EJ-A65E,0
743,PR-3127,0
744,TP_2032,1
745,SC_9039,1
746,SC_9090,1
747,TCGA-EJ-5526,0
748,PR-2761,0
749,MO_1105,1
750,P03-1426,0
751,TCGA-EJ-7783,0
752,TCGA-G9-6354,0
753,AAPC-STID0000021571-Tumor-SM-3RVWD,0
754,SC_9127,1
755,PROS12319B-SU2C-06115123-SM-4W2NI,1
756,PR-2915,0
757,TCGA-KK-A8I4,0
758,SC_9049,1
759,P05-2212,0
760,AAPC-IP_LG-085-Tumor-SM-3NC7E,0
761,TCGA-KK-A8IM,0
762,TCGA-V1-A8ML,0
763,TCGA-KC-A4BR,0
764,TP_2010,1
765,TCGA-EJ-7327,0
766,TCGA-KK-A7AZ,0
767,PM121,1
768,AAPC-STID0000007180-Tumor-SM-2XU14,0
769,PROS01448-DFCI.10-448.P15-SM-5CQ5D,1
770,PR-09-3421,0
771,SC_9017,1
772,AAPC-IP_LG-061-Tumor-SM-3NC6X,0
773,TCGA-HC-7075,0
774,7951,1
775,TCGA-CH-5791,0
776,TCGA-EJ-A7NF,0
777,P03-871,0
778,TCGA-KC-A7FA,0
779,MO_1421,1
780,TCGA-HI-7170,0
781,TCGA-KK-A8IC,0
782,TCGA-ZG-A8QY,0
783,22171,0
784,SC_9085,1
785,AAPC-IP_LG-091-Tumor-SM-3NC7I,0
786,PRAD-6115402.0-SM-7LGUP,1
787,SC_9124,1
788,TP_2034,1
789,TCGA-EJ-5507,0
790,TCGA-EJ-5524,0
791,TCGA-V1-A9Z7,0
792,PM124,1
793,P08-590,0
794,MO_1020,1
795,PROS11496-6115319-SM-6CNQ3,1
796,TCGA-G9-7523,0
797,PRAD-6115383.0-SM-7LGU6,1
798,AAPC-STID0000010902-Tumor-SM-2XU1E,0
799,TCGA-ZG-A9L1,0
800,TCGA-KK-A6E8,0
801,SC_9026,1
802,P03-2345,0
803,PR-2740,0
804,PROS01448-1115244-SM-5SGU6,1
805,TCGA-HC-A4ZV,0
806,TCGA-V1-A9OY,0
807,PRAD-6115386.0-SM-7LGU8,1
808,TCGA-XQ-A8TA,0
