,id,response
0,TCGA-G9-A9S4,0
1,SC_9123,1
2,MO_1339,1
3,TCGA-J9-A52C,0
4,AAPC-STID0000003820-Tumor-SM-2XTZW,0
5,TCGA-EJ-A7NK,0
6,SC_9002,1
7,TCGA-EJ-7793,0
8,AAPC-STID0000021608-Tumor-SM-3RVWO,0
9,MO_1094,1
10,05-148E3_LIVER,1
11,TCGA-VP-A875,0
12,TCGA-G9-6353,0
13,TCGA-J9-A52D,0
14,MO_1447,1
15,AAPC-IP_LG-059-Tumor-SM-3NC6V,0
16,AAPC-IP_LG-033-Tumor-SM-3NC6B,0
17,TCGA-KK-A6E8,0
18,TCGA-CH-5753,0
19,AAPC-STID0000021563-Tumor-SM-2XTYU,0
20,TCGA-G9-6336,0
21,TCGA-G9-6494,0
22,PR-00-160,0
23,TCGA-FC-A66V,0
24,SC_9071,1
25,TCGA-YL-A8SC,0
26,PRAD-6115400.0-SM-7LGUM,1
27,SC_9091,1
28,TCGA-G9-6370,0
29,12-011I7_LN,1
30,MO_1084,1
31,TCGA-EJ-5503,0
32,AAPC-IP_LG-019-Tumor-SM-3NC61,0
33,TCGA-V1-A9OA,0
34,SC_9011,1
35,P07-837,0
36,TCGA-HC-7233,0
37,PR-2761,0
38,TCGA-KK-A7AZ,0
39,TCGA-HI-7168,0
40,05-165O_ADRENAL,1
41,AAPC-STID0000007540-Tumor-SM-2XU15,0
42,TCGA-J4-A67S,0
43,AAPC-STID0000010902-Tumor-SM-2XU1E,0
44,TCGA-KK-A7AY,0
45,TCGA-V1-A9OQ,0
46,TCGA-V1-A9OY,0
47,AAPC-STID0000011949-Tumor-SM-2XU1I,0
48,PROS10448-SUTC.01115091-SM-4JC6Y,1
49,PRAD-STID18248-Tumor-SM-1RCU7,1
50,TCGA-FC-7708,0
51,TCGA-G9-6351,0
52,PRAD-6115383.0-SM-7LGU6,1
53,TCGA-J4-AAU2,0
54,PROS10448-SUTC.01115090-SM-4JC6W,1
55,SC_9124,1
56,AAPC-STID0000021597-Tumor-SM-3RVWK,0
57,TCGA-EJ-A6RC,0
58,SC_9134,1
59,TCGA-CH-5741,0
60,PRAD-6115389.0-SM-7LGUB,1
61,TCGA-EJ-A7NM,0
62,P05-3852,0
63,PR-3026,0
64,PR-2915,0
65,21016,0
66,12688,0
67,AAPC-STID0000021557-Tumor-SM-3RVWA,0
68,TCGA-HC-A632,0
69,TCGA-EJ-5494,0
70,SC_9148,1
71,TCGA-V1-A8MK,0
72,TCGA-HC-7744,0
73,AAPC-STID0000021551-Tumor-SM-2XTYN,0
74,PR-00-1823,0
75,MO_1114,1
76,TCGA-J4-A67N,0
77,03-139E3_RETROPERITONEAL,1
78,TCGA-ZG-A8QX,0
79,PR-04-3222,0
80,TCGA-EJ-7797,0
81,MO_1124,1
82,AAPC-IP_LG-053-Tumor-SM-3NC6P,0
83,SC_9076,1
84,P09-1580,0
85,TCGA-VN-A88R,0
86,PROS10448-SUTC.01115081-SM-4JC6A,1
87,TCGA-CH-5763,0
88,PROS10448-1115126-SM-5EEBI,1
89,PRAD-6115403.0-SM-7LGUQ,1
90,AAPC-STID0000007180-Tumor-SM-2XU14,0
91,SC_9031,1
92,PROS01448-1115161-SM-5SGU1,1
93,TP_2077,1
94,TCGA-G9-7523,0
95,TCGA-ZG-A9L6,0
96,TCGA-EJ-A8FU,0
97,99-091J_LN,1
98,TCGA-XQ-A8TB,0
99,TCGA-HC-7230,0
100,TCGA-G9-6363,0
101,01-095N1_LN,1
102,PROS01448-6115235-SM-67ERY,1
103,TCGA-EJ-A65J,0
104,AAPC-IP_LG-075-Tumor-SM-3NC76,0
105,TP_2032,1
106,SC_9006,1
107,TCGA-YL-A8SH,0
108,MO_1262,1
109,PR-01-2492,0
110,TCGA-YL-A9WY,0
