,id,response
0,TCGA-FC-A8O0,0
1,P03-1426,0
2,AAPC-STID0000021599-Tumor-SM-2XTZO,0
3,TCGA-KK-A8IL,0
4,TCGA-V1-A9OQ,0
5,TCGA-XK-AAJT,0
6,TCGA-G9-6351,0
7,TCGA-EJ-A65F,0
8,MO_1262,1
9,TCGA-ZG-A9KY,0
10,TCGA-KK-A8I6,0
11,TCGA-EJ-5524,0
12,TCGA-V1-A9Z8,0
13,TCGA-XK-AAIR,0
14,MO_1179,1
15,AAPC-STID0000021594-Tumor-SM-3RVWJ,0
16,AAPC-IP_LG-067-Tumor-SM-3NC6Z,0
17,TCGA-XA-A8JR,0
18,TCGA-ZG-A9L0,0
19,TCGA-X4-A8KQ,0
20,PROS10448-1115126-SM-5EEBI,1
21,P07-837,0
22,PR-2740,0
23,TCGA-G9-6498,0
24,TCGA-HC-7233,0
25,02-083E1_LN,1
26,TCGA-EJ-7785,0
27,TCGA-ZG-A8QW,0
28,08-093J1_LN,1
29,TCGA-G9-6353,0
30,P05-3436,0
31,10363,0
32,TCGA-2A-AAYU,0
33,TCGA-EJ-7783,0
34,TCGA-HC-A8CY,0
35,TCGA-ZG-A9LN,0
36,PRAD-6115400.0-SM-7LGUM,1
37,SC_9134,1
38,PROS10448-SUTC.01115091-SM-4JC6Y,1
39,AAPC-STID0000002869-Tumor-SM-2XU51,0
40,TCGA-HC-8264,0
41,TCGA-CH-5746,0
42,SC_9128,1
43,05-214BB2_BONE,1
44,PROS10448-SUTC.01115082-SM-4JC6B,1
45,TCGA-HC-A8D0,0
46,MO_1339,1
47,AAPC-STID0000020209-Tumor-SM-2XU21,0
48,P03-2345,0
49,PR-09-2744,0
50,TCGA-ZG-A9L1,0
51,PRAD-01115257-SM-6WZF8,1
52,TCGA-ZG-A9NI,0
53,TCGA-G9-6366,0
54,TCGA-G9-6343,0
55,MO_1460,1
56,TCGA-G9-6494,0
57,99-090A2_LIVER,1
58,TCGA-KC-A4BL,0
59,TCGA-XK-AAJA,0
60,SC_9068,1
61,TCGA-EJ-A7NM,0
62,TCGA-J9-A52D,0
63,SC_9151,1
64,PRAD-STID7520-Tumor-SM-2RXM6,0
65,P07-360,0
66,TCGA-HC-A6AL,0
67,TCGA-XJ-A9DI,0
68,PM2,1
69,PR-02-2072,0
70,12688,0
71,TCGA-G9-A9S4,0
72,TCGA-KK-A8I7,0
73,TCGA-KK-A7AY,0
74,AAPC-IP_LG-059-Tumor-SM-3NC6V,0
75,AAPC-STID0000003820-Tumor-SM-2XTZW,0
76,SC_9097,1
77,TCGA-EJ-A7NF,0
78,TCGA-EJ-5522,0
79,PR-3023,0
80,PROS01448-6115227-SM-67ERU,1
81,PM119,1
82,TCGA-G9-6496,0
83,TCGA-KK-A6E6,0
84,21011,0
85,TCGA-XQ-A8TB,0
86,TCGA-KC-A4BV,0
87,TCGA-EJ-5512,0
88,TCGA-ZG-A9LB,0
89,SC_9076,1
90,AAPC-IP_LG-091-Tumor-SM-3NC7I,0
91,P09-649,0
92,PR-09-5245,0
93,MO_1096,1
94,P04-1790,0
95,TCGA-ZG-A9N3,0
96,TCGA-KK-A7B2,0
97,TCGA-2A-A8W3,0
98,PRAD-6115398.0-SM-7LGUK,1
99,TCGA-G9-7519,0
100,PR-02-254,0
101,TCGA-CH-5750,0
102,MO_1105,1
103,AAPC-STID0000012110-Tumor-SM-2XU1J,0
104,SC_9092,1
105,TCGA-CH-5763,0
106,05-148E3_LIVER,1
107,TCGA-HC-7075,0
108,SC_9040,1
109,TCGA-EJ-8468,0
110,TCGA-HC-7232,0
111,AAPC-STID0000010880-Tumor-SM-2XU1C,0
112,05-221MM1_BONE,1
113,TCGA-G9-6378,0
114,PROS01448-DFCI.10-448.P30-SM-5CQ4V,1
115,PROS12319B-SU2C-06115122-SM-4W2NH,1
116,03-192B_LUNG,1
117,SC_9058,1
118,MO_1095,1
119,TCGA-J4-A67M,0
120,TCGA-XJ-A83G,0
121,PR-01-2492,0
122,TCGA-KK-A8IM,0
123,PR-09-3687,0
124,MO_1074,1
125,AAPC-STID0000021551-Tumor-SM-2XTYN,0
126,TCGA-CH-5754,0
127,PR-04-903,0
128,TCGA-H9-7775,0
129,AAPC-STID0000021597-Tumor-SM-3RVWK,0
130,P09-1580,0
131,TCGA-KK-A6E0,0
132,TCGA-EJ-7792,0
133,PM163,1
134,AAPC-IP_LG-051-Tumor-SM-3NC6N,0
135,TCGA-M7-A720,0
136,TCGA-V1-A9Z7,0
137,12729,0
138,SC_9073,1
139,21017,0
140,TCGA-ZG-A9LM,0
141,TCGA-CH-5761,0
142,PR-0099,0
143,05-116F_LUNG,1
144,PR-3034,0
145,TCGA-KK-A6DY,0
146,SC_9010,1
147,PROS12319B-SU2C-06115118-SM-4W2ND,1
148,PRAD-01115264-SM-6WZFA,1
149,PR-02-1082,0
150,TCGA-HC-7081,0
151,TCGA-XK-AAJ3,0
152,SC_9043,1
153,SC_9091,1
154,P04-1243,0
155,TCGA-EJ-A6RC,0
156,MO_1337,1
157,PROS01448-6115250-SM-67ES4,1
158,SC_9173,1
159,TCGA-EJ-A7NK,0
160,TCGA-HC-A632,0
161,TCGA-VP-A875,0
162,TCGA-G9-6363,0
163,AAPC-STID0000010902-Tumor-SM-2XU1E,0
164,TCGA-HC-7740,0
165,TCGA-YL-A8SP,0
166,TCGA-KK-A8IC,0
167,TP_2064,1
168,TCGA-G9-6499,0
169,PM158,1
170,TCGA-VN-A88R,0
171,TCGA-HC-8266,0
172,PROS12319B-SU2C-06115114-SM-4W2N9,1
173,PROS11496-6115320-SM-6CNQ4,1
174,PM121,1
175,21016,0
176,PM155,1
177,MO_1421,1
178,P02-1562,0
179,TCGA-J4-A67S,0
180,TCGA-V1-A8MM,0
181,TCGA-HC-7212,0
182,P05-3852,0
183,TCGA-ZG-A9L2,0
184,AAPC-STID0000008920-Tumor-SM-2XU17,0
185,AAPC-STID0000007540-Tumor-SM-2XU15,0
186,TCGA-J9-A8CM,0
187,PRAD-6115389.0-SM-7LGUB,1
188,TCGA-HC-7211,0
189,TCGA-HC-A631,0
190,SC_9085,1
191,TCGA-XJ-A9DQ,0
192,TCGA-KK-A6E5,0
193,PROS01448-DFCI.10-448.P15-SM-5CQ5D,1
194,AAPC-STID0000021586-Tumor-SM-2XU24,0
195,SC_9007,1
196,PROS11496-6115236-SM-6CNPW,1
197,PR-09-5446,0
198,TCGA-EJ-7784,0
199,TCGA-HC-A6AQ,0
200,PR-04-3347,0
201,TCGA-EJ-5510,0
202,SC_9123,1
203,TCGA-J4-A67N,0
204,TCGA-EJ-7791,0
205,PR-01-2554,0
206,AAPC-STID0000021593-Tumor-SM-2XTZH,0
207,TCGA-ZG-A9L6,0
208,TCGA-MG-AAMC,0
209,PR-03-1026,0
210,MO_1020,1
211,AAPC-STID0000021563-Tumor-SM-2XTYU,0
212,04-149E2_LN,1
213,TCGA-EJ-8469,0
214,PROS12319B-SU2C-06115115-SM-4W2NA,1
215,TCGA-EJ-5531,0
216,TCGA-EJ-5517,0
217,PROS11496-6115319-SM-6CNQ3,1
218,TCGA-YL-A8SL,0
219,PRAD-6115402.0-SM-7LGUP,1
220,AAPC-IP_LG-031-Tumor-SM-3NC69,0
221,SC_9031,1
222,PM154,1
223,SC_9071,1
224,TCGA-YL-A8SF,0
225,AAPC-STID0000021557-Tumor-SM-3RVWA,0
226,AAPC-STID0000011949-Tumor-SM-2XU1I,0
227,TCGA-EJ-5498,0
228,AAPC-STID0000021600-Tumor-SM-3RVWL,0
229,TCGA-V1-A9O7,0
230,PROS12319B-SU2C-06115120-SM-4W2NF,1
231,TCGA-V1-A8MK,0
232,01-095N1_LN,1
233,TCGA-QU-A6IN,0
234,P03-871,0
235,TCGA-FC-A6HD,0
236,99-091J_LN,1
237,22171,0
238,PROS01448-1115202-SM-5SGU5,1
239,P04-2666,0
240,PROS01448-6115235-SM-67ERY,1
241,PRAD-6115385.0-SM-7LGU7,1
242,P09-120,0
243,TCGA-HC-A6HX,0
244,SC_9109,1
245,PR-3026,0
246,21510,0
247,SC_9002,1
248,TCGA-HC-8213,0
249,TCGA-HC-8216,0
250,TCGA-V1-A9OA,0
251,TCGA-EJ-7125,0
252,AAPC-IP_LG-061-Tumor-SM-3NC6X,0
253,P08-590,0
254,TCGA-VN-A88O,0
255,PROS10448P28-SU2C.01115016-SM-42W9D,1
256,TCGA-CH-5769,0
257,AAPC-IP_LG-019-Tumor-SM-3NC61,0
258,TCGA-J9-A52C,0
259,SC_9022,1
260,PRAD-01115343-SM-6VZ7N,1
261,7951,1
262,TP_2077,1
263,PRAD-6115394.0-SM-7LGUG,1
264,PR-00-1823,0
265,TCGA-ZG-A9LS,0
266,TCGA-YL-A9WY,0
267,TCGA-KK-A6E7,0
268,TCGA-G9-7523,0
269,PM161,1
270,SC_9079,1
271,P06-1696,0
272,SC_9124,1
273,PRAD-01115349-SM-6VZ7M,1
274,P03-2620,0
275,AAPC-STID0000021574-Tumor-SM-3RVWF,0
276,24852,1
277,PR-02-1899,0
278,AAPC-STID0000021608-Tumor-SM-3RVWO,0
279,TCGA-CH-5771,0
280,SC_9094,1
281,PR-2915,0
282,TCGA-HC-7819,0
283,TCGA-HC-A6AS,0
284,TCGA-V1-A8WS,0
285,MO_1128,1
286,PR-05-3595,0
287,PRAD-6115403.0-SM-7LGUQ,1
288,TCGA-G9-6371,0
289,TCGA-ZG-A8QX,0
290,TCGA-YL-A8HM,0
291,TCGA-CH-5744,0
292,TCGA-EJ-A8FU,0
293,PR-09-5702,0
294,PRAD-DFCI.11-104.15-SM-3S2HH,1
295,SC_9104,1
296,AAPC-STID0000011640-Tumor-SM-2XU1H,0
297,TCGA-YL-A9WJ,0
298,PR-3036,0
299,TCGA-J9-A52B,0
300,TCGA-J9-A8CN,0
301,TCGA-FC-7961,0
302,PROS11496-6115295-SM-6CNQ7,1
303,TCGA-J4-AATZ,0
304,TCGA-EJ-5501,0
305,TCGA-G9-6367,0
306,98-362B1_LN,1
307,TCGA-XJ-A9DX,0
308,PROS10448-1115157-SM-5EEBO,1
309,MO_1176,1
310,MO_1316,1
311,TCGA-KK-A7AZ,0
312,SC_9024,1
313,TCGA-KK-A8IH,0
314,AAPC-STID0000021598-Tumor-SM-2XTZN,0
315,05-217L3_LUNG,1
316,PROS10448-1115150-SM-5EEBK,1
317,TCGA-HC-7230,0
318,AAPC-IP_LG-053-Tumor-SM-3NC6P,0
319,TCGA-VP-A872,0
320,TCGA-G9-6333,0
321,TCGA-KK-A59V,0
322,AAPC-STID0000021583-Tumor-SM-3RVWI,0
323,PROS01448-1115161-SM-5SGU1,1
324,TCGA-KK-A7B3,0
325,99-064O_LN,1
326,TCGA-ZG-A9LY,0
327,TCGA-CH-5741,0
328,AAPC-IP_LG-075-Tumor-SM-3NC76,0
329,PM124,1
330,SC_9140,1
331,TCGA-HI-7168,0
332,TCGA-G9-7525,0
333,P03-3391,0
334,P05-3859,0
335,AAPC-STID0000007180-Tumor-SM-2XU14,0
336,PROS11496-6115285-SM-6CNPX,1
337,MO_1447,1
338,MO_1114,1
339,SC_9011,1
340,TCGA-EJ-A7NH,0
341,TCGA-EJ-5494,0
342,AAPC-STID0000015908-Tumor-SM-2XU1U,0
343,SC_9023,1
344,TCGA-KK-A8I9,0
345,TCGA-V1-A9OT,0
346,TCGA-EJ-AB20,0
347,TCGA-HC-7747,0
348,TCGA-CH-5764,0
349,SC_9165,1
350,TCGA-XJ-A83F,0
351,PR-01-1934,0
352,PROS10448-SUTC.01115081-SM-4JC6A,1
353,SC_9093,1
354,SC_9153,1
355,SC_9039,1
356,TCGA-KK-A7B0,0
357,MO_1162,1
358,AAPC-STID0000021577-Tumor-SM-3RVWH,0
359,03-163S4_LIVER,1
360,TCGA-J4-A6G1,0
361,TCGA-EJ-7797,0
362,MO_1084,1
363,TCGA-EJ-5527,0
364,TCGA-WW-A8ZI,0
365,TCGA-KK-A8I5,0
366,PROS01448-DFCI.10-448.P22-SM-5CQ5H,1
367,TCGA-EJ-A65J,0
368,TCGA-HC-7209,0
369,TCGA-YL-A8HL,0
370,PRAD-6115397.0-SM-7LGUJ,1
371,TCGA-G9-6370,0
372,TCGA-J4-AAU2,0
373,SC_9028,1
374,TCGA-FC-A66V,0
375,12-011I7_LN,1
376,TCGA-CH-5748,0
377,PROS10448-SUTC.01115085-SM-4JC6J,1
378,TCGA-HC-7752,0
379,TCGA-EJ-5503,0
380,TCGA-KK-A6E8,0
381,MO_1124,1
382,PR-02-1736,0
383,TCGA-KC-A4BR,0
384,TCGA-YL-A8SA,0
385,TCGA-V1-A9OY,0
386,TCGA-HC-7744,0
387,TCGA-CH-5753,0
388,PRAD-6115390.0-SM-7LGUC,1
389,PR-00-160,0
390,PRAD-6115383.0-SM-7LGU6,1
391,TP_2032,1
392,TCGA-FC-7708,0
393,TCGA-KK-A7B1,0
394,SC_9025,1
395,TCGA-M7-A71Z,0
396,PR-04-3222,0
397,SC_9019,1
398,TCGA-G9-6339,0
399,PR-0415,0
400,PM15,1
401,TCGA-G9-6338,0
402,TCGA-KK-A5A1,0
403,TCGA-2A-A8VX,0
404,TCGA-V1-A9O9,0
405,TCGA-EJ-5509,0
406,TCGA-EJ-7793,0
407,TCGA-4L-AA1F,0
408,MO_1094,1
409,TCGA-G9-6342,0
410,AAPC-STID0000001044-Tumor-SM-2XU23,0
411,TCGA-EJ-5518,0
412,PM90,1
413,01-087MM_BONE,1
414,TCGA-YL-A8SC,0
415,20870,1
416,SC_9148,1
417,TCGA-YL-A8SH,0
418,MO_1012,1
419,PR-2761,0
420,TCGA-VN-A943,0
421,00-029N9_LN,1
422,TCGA-EJ-A65D,0
423,AAPC-IP_LG-083-Tumor-SM-3NC7C,0
424,TCGA-G9-A9S0,0
425,PM156,1
426,TCGA-EJ-7218,0
427,TCGA-EJ-7781,0
428,TCGA-CH-5745,0
429,PRAD-STID18248-Tumor-SM-1RCU7,1
430,TCGA-V1-A9Z9,0
431,TCGA-XK-AAK1,0
432,MO_1130,1
433,SC_9060,1
434,PR-04-194,0
435,TCGA-G9-6336,0
436,TCGA-HC-A4ZV,0
437,TCGA-KK-A8IK,0
438,PRAD-6115381.0-SM-7LGU3,1
439,03-139E3_RETROPERITONEAL,1
440,TCGA-YL-A8HK,0
441,TCGA-EJ-5519,0
442,PROS12319B-SU2C-06115121-SM-4W2NG,1
443,PROS12319B-SU2C-06115119-SM-4W2NE,1
444,TCGA-KK-A59Y,0
445,PROS10448-SUTC.01115090-SM-4JC6W,1
446,05-165O_ADRENAL,1
447,TCGA-HC-7213,0
448,TCGA-VP-AA1N,0
449,SC_9006,1
450,TCGA-CH-5789,0
451,AAPC-IP_LG-033-Tumor-SM-3NC6B,0
452,P09-1372,0
453,SC_9150,1
454,MO_1040,1
455,TCGA-EJ-A46B,0
456,TCGA-EJ-A65E,0
457,TCGA-KK-A59Z,0
458,MO_1277,1
459,P06-1125,0
460,SC_9063,1
461,AAPC-STID0000010901-Tumor-SM-2XU1D,0
462,TCGA-XK-AAIV,0
463,PROS12319B-SU2C-06115123-SM-4W2NI,1
464,PM14,1
465,SC_9099,1
