,id,response
0,AAPC-STID0000021598-Tumor-SM-2XTZN,0
1,TCGA-ZG-A9LY,0
2,SC_9124,1
3,MO_1421,1
4,PR-3026,0
5,PRAD-6115389.0-SM-7LGUB,1
6,TCGA-FC-7961,0
7,TCGA-EJ-5517,0
8,MO_1114,1
9,MO_1040,1
10,TCGA-XK-AAIV,0
11,AAPC-IP_LG-033-Tumor-SM-3NC6B,0
12,TCGA-HC-7230,0
13,PRAD-STID18248-Tumor-SM-1RCU7,1
14,SC_9091,1
15,SC_9063,1
16,01-095N1_LN,1
17,AAPC-STID0000010902-Tumor-SM-2XU1E,0
18,SC_9123,1
19,PRAD-STID7520-Tumor-SM-2RXM6,0
20,AAPC-IP_LG-075-Tumor-SM-3NC76,0
21,TCGA-J4-A67S,0
22,SC_9060,1
23,TCGA-HC-A632,0
24,AAPC-STID0000021593-Tumor-SM-2XTZH,0
25,TCGA-YL-A9WY,0
26,TCGA-J4-A67N,0
27,AAPC-STID0000021577-Tumor-SM-3RVWH,0
28,MO_1316,1
29,TCGA-KK-A6E5,0
30,TCGA-G9-6371,0
31,MO_1447,1
32,SC_9153,1
33,TCGA-M7-A71Z,0
34,AAPC-IP_LG-051-Tumor-SM-3NC6N,0
35,SC_9031,1
36,TCGA-ZG-A9L1,0
37,TCGA-XQ-A8TB,0
38,AAPC-STID0000003820-Tumor-SM-2XTZW,0
39,TCGA-EJ-5503,0
40,PROS11496-6115236-SM-6CNPW,1
41,TCGA-HC-8264,0
42,TCGA-EJ-5494,0
43,P09-1580,0
44,TCGA-YL-A8SC,0
45,AAPC-STID0000021563-Tumor-SM-2XTYU,0
46,MO_1460,1
47,PR-04-3222,0
48,SC_9011,1
49,PR-04-194,0
50,TCGA-KK-A7B3,0
51,SC_9068,1
52,TCGA-G9-A9S4,0
53,TCGA-G9-6499,0
54,TCGA-FC-A8O0,0
55,21510,0
56,TCGA-EJ-A8FU,0
57,TCGA-CH-5764,0
58,SC_9128,1
59,AAPC-STID0000011949-Tumor-SM-2XU1I,0
60,PRAD-6115397.0-SM-7LGUJ,1
61,TCGA-HC-7233,0
62,TCGA-KK-A6E8,0
63,PROS10448-SUTC.01115082-SM-4JC6B,1
64,SC_9006,1
65,PR-02-254,0
66,99-090A2_LIVER,1
67,AAPC-STID0000007180-Tumor-SM-2XU14,0
68,TCGA-V1-A9OQ,0
69,TCGA-HC-7744,0
70,PM121,1
71,TCGA-CH-5750,0
72,SC_9092,1
73,TCGA-EJ-7781,0
74,PROS01448-DFCI.10-448.P30-SM-5CQ4V,1
75,AAPC-IP_LG-053-Tumor-SM-3NC6P,0
76,P06-1125,0
77,PR-2915,0
78,TCGA-V1-A9OY,0
79,TCGA-KK-A6DY,0
80,PRAD-6115400.0-SM-7LGUM,1
81,SC_9002,1
82,TCGA-CH-5753,0
83,PROS10448-SUTC.01115085-SM-4JC6J,1
84,22171,0
85,TCGA-G9-7525,0
86,TCGA-J9-A52C,0
87,TCGA-G9-6367,0
88,TCGA-YL-A8HL,0
89,TCGA-J9-A52D,0
90,TCGA-YL-A9WJ,0
91,TCGA-KK-A5A1,0
92,AAPC-STID0000021600-Tumor-SM-3RVWL,0
93,TCGA-EJ-7783,0
94,TCGA-EJ-A7NH,0
95,99-091J_LN,1
96,AAPC-STID0000021597-Tumor-SM-3RVWK,0
97,PR-09-5446,0
98,SC_9109,1
99,21011,0
100,MO_1094,1
101,TCGA-V1-A8MK,0
102,PROS01448-DFCI.10-448.P15-SM-5CQ5D,1
103,MO_1084,1
104,TCGA-ZG-A9NI,0
105,TCGA-EJ-A7NK,0
106,PR-00-1823,0
107,MO_1095,1
108,PROS01448-1115202-SM-5SGU5,1
109,TP_2032,1
110,TCGA-VN-A88R,0
111,TCGA-HC-8216,0
112,TCGA-KK-A7AZ,0
113,TCGA-V1-A9O9,0
114,TCGA-G9-6370,0
115,AAPC-STID0000020209-Tumor-SM-2XU21,0
116,MO_1124,1
117,TCGA-XA-A8JR,0
118,TCGA-V1-A8MM,0
119,PROS01448-6115235-SM-67ERY,1
120,TCGA-KC-A4BL,0
121,AAPC-STID0000008920-Tumor-SM-2XU17,0
122,TCGA-G9-6498,0
123,05-165O_ADRENAL,1
124,TCGA-CH-5746,0
125,PR-2761,0
126,TCGA-G9-6343,0
127,08-093J1_LN,1
128,TCGA-HC-7747,0
129,TCGA-G9-7523,0
130,TCGA-HI-7168,0
131,TCGA-FC-7708,0
132,TCGA-CH-5763,0
133,TCGA-XJ-A9DQ,0
134,TCGA-EJ-A6RC,0
135,TCGA-M7-A720,0
136,P05-3852,0
137,TCGA-YL-A8SH,0
138,TCGA-KK-A59Z,0
139,AAPC-STID0000021557-Tumor-SM-3RVWA,0
140,TCGA-G9-6363,0
141,SC_9010,1
142,PROS10448-SUTC.01115081-SM-4JC6A,1
143,PR-0415,0
144,TCGA-CH-5771,0
145,PR-00-160,0
146,TCGA-MG-AAMC,0
147,TCGA-EJ-7797,0
148,TCGA-HC-7213,0
149,PM90,1
150,MO_1262,1
151,TCGA-CH-5744,0
152,PRAD-01115343-SM-6VZ7N,1
153,TCGA-XK-AAIR,0
154,TCGA-G9-6351,0
155,PROS10448-SUTC.01115090-SM-4JC6W,1
156,PROS10448-SUTC.01115091-SM-4JC6Y,1
157,AAPC-STID0000021551-Tumor-SM-2XTYN,0
158,P07-360,0
159,PROS12319B-SU2C-06115122-SM-4W2NH,1
160,PRAD-6115383.0-SM-7LGU6,1
161,AAPC-STID0000021608-Tumor-SM-3RVWO,0
162,TCGA-G9-6366,0
163,TCGA-FC-A66V,0
164,SC_9023,1
165,PR-01-2492,0
166,AAPC-IP_LG-019-Tumor-SM-3NC61,0
167,SC_9148,1
168,SC_9076,1
169,PROS12319B-SU2C-06115115-SM-4W2NA,1
170,12-011I7_LN,1
171,SC_9134,1
172,TCGA-EJ-7793,0
173,TCGA-HC-7211,0
174,TCGA-KK-A7B2,0
175,P05-3436,0
176,TCGA-G9-6494,0
177,AAPC-IP_LG-061-Tumor-SM-3NC6X,0
178,TCGA-EJ-5519,0
179,SC_9040,1
180,PROS01448-1115161-SM-5SGU1,1
181,TCGA-ZG-A9L6,0
182,TCGA-XJ-A9DX,0
183,PR-05-3595,0
184,P06-1696,0
185,TCGA-G9-6353,0
186,21016,0
187,12688,0
188,TCGA-ZG-A9LS,0
189,SC_9104,1
190,TCGA-EJ-A65J,0
191,MO_1128,1
192,TCGA-V1-A9Z8,0
193,MO_1105,1
194,03-139E3_RETROPERITONEAL,1
195,MO_1339,1
196,PM156,1
197,TCGA-YL-A8HK,0
198,SC_9071,1
199,PROS10448-1115126-SM-5EEBI,1
200,PRAD-6115403.0-SM-7LGUQ,1
201,TCGA-ZG-A8QX,0
202,TCGA-EJ-A7NM,0
203,AAPC-STID0000007540-Tumor-SM-2XU15,0
204,PROS12319B-SU2C-06115119-SM-4W2NE,1
205,TCGA-EJ-A65D,0
206,TCGA-KK-A7AY,0
207,PR-02-1899,0
208,TCGA-EJ-7218,0
209,SC_9099,1
210,TCGA-CH-5741,0
211,TCGA-V1-A9Z9,0
212,TCGA-VP-A875,0
213,PR-04-903,0
214,PR-02-1082,0
215,PROS01448-DFCI.10-448.P22-SM-5CQ5H,1
216,05-148E3_LIVER,1
217,TP_2077,1
218,P05-3859,0
219,TCGA-G9-6342,0
220,MO_1277,1
221,PM14,1
222,P07-837,0
223,TCGA-G9-6336,0
224,TCGA-HC-7209,0
225,TCGA-ZG-A9L0,0
226,SC_9151,1
227,PM158,1
228,TCGA-EJ-5501,0
229,TCGA-J4-AAU2,0
230,P08-590,0
231,TCGA-KK-A6E6,0
232,SC_9007,1
233,TCGA-V1-A9OA,0
234,MO_1179,1
235,AAPC-IP_LG-059-Tumor-SM-3NC6V,0
236,TCGA-EJ-5509,0
237,TCGA-EJ-A46B,0
238,P03-871,0
239,P04-1790,0
240,PRAD-01115349-SM-6VZ7M,1
