,id,response
0,PR-05-3595,0
1,TCGA-EJ-8469,0
2,AAPC-STID0000021577-Tumor-SM-3RVWH,0
3,TCGA-XJ-A9DQ,0
4,TCGA-XK-AAIR,0
5,PM14,1
6,TCGA-VN-A88R,0
7,PROS10448-1115126-SM-5EEBI,1
8,TCGA-J4-A67N,0
9,TCGA-G9-A9S4,0
10,TCGA-EJ-A7NH,0
11,TCGA-M7-A720,0
12,PROS12319B-SU2C-06115120-SM-4W2NF,1
13,SC_9140,1
14,TCGA-CH-5744,0
15,AAPC-IP_LG-033-Tumor-SM-3NC6B,0
16,SC_9148,1
17,99-091J_LN,1
18,TCGA-EJ-7793,0
19,AAPC-STID0000015908-Tumor-SM-2XU1U,0
20,TCGA-YL-A8HK,0
21,PROS01448-1115202-SM-5SGU5,1
22,TCGA-V1-A9Z8,0
23,AAPC-IP_LG-059-Tumor-SM-3NC6V,0
24,TCGA-ZG-A8QX,0
25,TCGA-EJ-5494,0
26,SC_9071,1
27,SC_9040,1
28,TCGA-HC-A6HX,0
29,TCGA-EJ-A8FU,0
30,TCGA-EJ-A46B,0
31,AAPC-STID0000021563-Tumor-SM-2XTYU,0
32,TCGA-G9-6351,0
33,P08-590,0
34,MO_1421,1
35,TCGA-CH-5741,0
36,PROS12319B-SU2C-06115115-SM-4W2NA,1
37,TCGA-YL-A9WJ,0
38,TCGA-G9-6366,0
39,TCGA-V1-A9OA,0
40,P04-1790,0
41,TCGA-ZG-A9L0,0
42,PROS01448-1115161-SM-5SGU1,1
43,TCGA-HC-7747,0
44,SC_9060,1
45,AAPC-STID0000021593-Tumor-SM-2XTZH,0
46,PRAD-6115383.0-SM-7LGU6,1
47,MO_1105,1
48,PR-04-903,0
49,PR-09-3687,0
50,TCGA-ZG-A9L1,0
51,05-217L3_LUNG,1
52,TCGA-KK-A59Z,0
53,P03-871,0
54,TCGA-HC-7744,0
55,21016,0
56,PROS10448-SUTC.01115081-SM-4JC6A,1
57,PR-02-1899,0
58,P05-3859,0
59,TCGA-G9-6342,0
60,AAPC-IP_LG-051-Tumor-SM-3NC6N,0
61,SC_9151,1
62,TCGA-G9-6370,0
63,P06-1696,0
64,TCGA-V1-A9Z9,0
65,TCGA-CH-5745,0
66,SC_9109,1
67,PR-04-3222,0
68,TCGA-EJ-5517,0
69,TP_2077,1
70,TCGA-G9-6494,0
71,TCGA-XJ-A9DX,0
72,AAPC-STID0000021597-Tumor-SM-3RVWK,0
73,AAPC-STID0000011949-Tumor-SM-2XU1I,0
74,TCGA-EJ-7218,0
75,SC_9002,1
76,P05-3436,0
77,TCGA-EJ-5509,0
78,SC_9128,1
79,MO_1460,1
80,P07-360,0
81,PROS11496-6115236-SM-6CNPW,1
82,TCGA-CH-5750,0
83,TCGA-EJ-A6RC,0
84,AAPC-IP_LG-019-Tumor-SM-3NC61,0
85,01-095N1_LN,1
86,05-165O_ADRENAL,1
87,MO_1084,1
88,TCGA-EJ-5519,0
89,PM121,1
90,TCGA-EJ-A7NM,0
91,TCGA-G9-6343,0
92,PROS12319B-SU2C-06115119-SM-4W2NE,1
93,TCGA-G9-6353,0
94,TCGA-G9-7525,0
95,SC_9006,1
96,PR-02-1082,0
97,TCGA-ZG-A9LY,0
98,PRAD-STID7520-Tumor-SM-2RXM6,0
99,TCGA-HC-7212,0
100,TCGA-V1-A9O9,0
101,SC_9010,1
102,PM90,1
103,PR-00-160,0
104,AAPC-STID0000010902-Tumor-SM-2XU1E,0
105,TCGA-G9-6363,0
106,AAPC-STID0000007180-Tumor-SM-2XU14,0
107,12688,0
108,TCGA-YL-A8SH,0
109,SC_9124,1
110,TCGA-ZG-A9L6,0
111,TCGA-CH-5753,0
112,MO_1176,1
113,TCGA-VP-A875,0
114,TCGA-HC-A632,0
115,AAPC-STID0000021598-Tumor-SM-2XTZN,0
116,MO_1124,1
117,TCGA-KK-A7B3,0
118,TCGA-CH-5761,0
119,SC_9068,1
120,PR-3026,0
121,TCGA-ZG-A9N3,0
122,TCGA-G9-6498,0
123,AAPC-IP_LG-053-Tumor-SM-3NC6P,0
124,PR-09-5446,0
125,TCGA-G9-6336,0
126,SC_9134,1
127,TCGA-YL-A8SC,0
128,PRAD-6115397.0-SM-7LGUJ,1
129,PR-01-2554,0
130,TCGA-XQ-A8TB,0
131,P03-2345,0
132,TCGA-KK-A7AZ,0
133,PROS12319B-SU2C-06115122-SM-4W2NH,1
134,AAPC-STID0000021557-Tumor-SM-3RVWA,0
135,TCGA-HC-7233,0
136,TCGA-J4-AAU2,0
137,TCGA-FC-7708,0
138,PRAD-6115400.0-SM-7LGUM,1
139,SC_9011,1
140,SC_9063,1
141,TCGA-HI-7168,0
142,PROS10448-SUTC.01115085-SM-4JC6J,1
143,TCGA-G9-6499,0
144,TCGA-KK-A6E5,0
145,TCGA-CH-5764,0
146,MO_1339,1
147,TCGA-KK-A7AY,0
148,TCGA-V1-A8MK,0
149,TCGA-EJ-7781,0
150,AAPC-STID0000007540-Tumor-SM-2XU15,0
151,PROS10448-SUTC.01115090-SM-4JC6W,1
152,MO_1128,1
153,TCGA-FC-7961,0
154,AAPC-STID0000003820-Tumor-SM-2XTZW,0
155,MO_1447,1
156,P06-1125,0
157,SC_9091,1
158,TCGA-CH-5746,0
159,TCGA-KK-A8I6,0
160,PROS01448-6115235-SM-67ERY,1
161,TCGA-EJ-5501,0
162,TCGA-EJ-A65J,0
163,PRAD-01115257-SM-6WZF8,1
164,SC_9099,1
165,SC_9076,1
166,TCGA-YL-A9WY,0
167,PR-00-1823,0
168,SC_9023,1
169,SC_9043,1
170,MO_1095,1
171,AAPC-STID0000020209-Tumor-SM-2XU21,0
172,SC_9085,1
173,MO_1277,1
174,08-093J1_LN,1
175,AAPC-IP_LG-061-Tumor-SM-3NC6X,0
176,TCGA-J4-A67S,0
177,TCGA-FC-A8O0,0
178,P07-837,0
179,PR-01-2492,0
180,TCGA-V1-A9OY,0
181,TCGA-EJ-A7NK,0
182,PRAD-STID18248-Tumor-SM-1RCU7,1
183,PROS01448-DFCI.10-448.P30-SM-5CQ4V,1
184,TCGA-HC-7230,0
185,12729,0
186,TCGA-EJ-A65D,0
187,TCGA-FC-A66V,0
188,AAPC-STID0000021551-Tumor-SM-2XTYN,0
189,MO_1094,1
190,PR-2761,0
191,05-148E3_LIVER,1
192,TCGA-CH-5771,0
193,SC_9123,1
194,PR-02-254,0
195,AAPC-STID0000021608-Tumor-SM-3RVWO,0
196,AAPC-STID0000008920-Tumor-SM-2XU17,0
197,TCGA-HC-7209,0
198,21510,0
199,TCGA-HC-8216,0
200,MO_1040,1
201,TCGA-KK-A7B2,0
202,22171,0
203,AAPC-STID0000021600-Tumor-SM-3RVWL,0
204,TP_2032,1
205,PROS10448-SUTC.01115082-SM-4JC6B,1
206,TCGA-KK-A6E6,0
207,PRAD-01115349-SM-6VZ7M,1
208,20870,1
209,TCGA-J9-A52D,0
210,P05-3852,0
211,21011,0
212,TCGA-CH-5763,0
213,MO_1316,1
214,AAPC-STID0000021586-Tumor-SM-2XU24,0
215,TCGA-KC-A4BL,0
216,TCGA-KK-A6E8,0
217,TCGA-MG-AAMC,0
218,SC_9092,1
219,TCGA-YL-A8HL,0
220,MO_1262,1
221,TCGA-EJ-5510,0
222,TCGA-EJ-5503,0
223,MO_1114,1
224,PROS10448-SUTC.01115091-SM-4JC6Y,1
225,TCGA-G9-7523,0
226,TCGA-KK-A5A1,0
227,SC_9007,1
228,TCGA-XA-A8JR,0
229,PROS01448-DFCI.10-448.P15-SM-5CQ5D,1
230,TCGA-J9-A52C,0
231,PRAD-01115343-SM-6VZ7N,1
232,PM158,1
233,MO_1179,1
234,SC_9104,1
235,TCGA-EJ-7783,0
236,TCGA-KK-A8IL,0
237,TCGA-V1-A9OQ,0
238,TCGA-HC-7213,0
239,PRAD-6115403.0-SM-7LGUQ,1
240,TCGA-KK-A59V,0
241,PR-0415,0
242,SC_9153,1
243,PR-04-194,0
244,TCGA-G9-6371,0
245,TCGA-KK-A8I5,0
246,P09-1580,0
247,99-090A2_LIVER,1
248,TCGA-XK-AAIV,0
249,12-011I7_LN,1
250,TCGA-HC-8213,0
251,TCGA-ZG-A9NI,0
252,TCGA-M7-A71Z,0
253,TCGA-V1-A8MM,0
254,PRAD-6115389.0-SM-7LGUB,1
255,TCGA-EJ-7797,0
256,PROS01448-DFCI.10-448.P22-SM-5CQ5H,1
257,TCGA-G9-6367,0
258,PM156,1
259,02-083E1_LN,1
260,03-139E3_RETROPERITONEAL,1
261,TCGA-HC-7211,0
262,TCGA-HC-8264,0
263,PR-2915,0
264,P09-120,0
265,TCGA-ZG-A9LS,0
266,TCGA-KK-A6DY,0
267,AAPC-IP_LG-075-Tumor-SM-3NC76,0
268,SC_9031,1
