,id,response
0,MO_1339,1
1,SC_9007,1
2,MO_1114,1
3,AAPC-IP_LG-059-Tumor-SM-3NC6V,0
4,AAPC-IP_LG-031-Tumor-SM-3NC69,0
5,P07-360,0
6,AAPC-STID0000021563-Tumor-SM-2XTYU,0
7,AAPC-IP_LG-061-Tumor-SM-3NC6X,0
8,PR-3026,0
9,20870,1
10,TCGA-HI-7168,0
11,TCGA-EJ-A65D,0
12,SC_9060,1
13,PR-00-160,0
14,TCGA-M7-A71Z,0
15,PRAD-6115389.0-SM-7LGUB,1
16,PR-02-1899,0
17,PROS01448-DFCI.10-448.P15-SM-5CQ5D,1
18,AAPC-IP_LG-019-Tumor-SM-3NC61,0
19,SC_9031,1
20,PROS10448-SUTC.01115090-SM-4JC6W,1
21,AAPC-STID0000021551-Tumor-SM-2XTYN,0
22,TCGA-HC-A6AS,0
23,05-165O_ADRENAL,1
24,AAPC-STID0000011949-Tumor-SM-2XU1I,0
25,TCGA-XJ-A9DX,0
26,TCGA-CH-5750,0
27,TCGA-MG-AAMC,0
28,TCGA-HC-7230,0
29,AAPC-IP_LG-083-Tumor-SM-3NC7C,0
30,AAPC-STID0000021586-Tumor-SM-2XU24,0
31,TCGA-HC-7747,0
32,TCGA-XQ-A8TB,0
33,TCGA-J4-A67S,0
34,99-090A2_LIVER,1
35,PROS11496-6115236-SM-6CNPW,1
36,MO_1316,1
37,TCGA-CH-5763,0
38,TCGA-KK-A7B2,0
39,TCGA-CH-5746,0
40,SC_9023,1
41,SC_9109,1
42,P06-1696,0
43,MO_1130,1
44,AAPC-IP_LG-053-Tumor-SM-3NC6P,0
45,SC_9153,1
46,TCGA-EJ-5494,0
47,TCGA-ZG-A9N3,0
48,PROS01448-1115161-SM-5SGU1,1
49,PRAD-6115403.0-SM-7LGUQ,1
50,TCGA-V1-A9Z8,0
51,PM90,1
52,SC_9128,1
53,SC_9040,1
54,MO_1460,1
55,P09-120,0
56,TCGA-V1-A9OQ,0
57,MO_1179,1
58,TCGA-EJ-7792,0
59,MO_1094,1
60,TCGA-YL-A8HL,0
61,TCGA-J9-A52D,0
62,PR-09-5446,0
63,PROS10448-SUTC.01115091-SM-4JC6Y,1
64,PROS12319B-SU2C-06115122-SM-4W2NH,1
65,TCGA-CH-5744,0
66,MO_1262,1
67,TCGA-G9-6370,0
68,TCGA-CH-5745,0
69,TCGA-G9-6363,0
70,SC_9124,1
71,PM121,1
72,TCGA-KK-A8I5,0
73,AAPC-IP_LG-051-Tumor-SM-3NC6N,0
74,P09-1580,0
75,TCGA-EJ-5517,0
76,12729,0
77,TCGA-FC-A6HD,0
78,TCGA-FC-A66V,0
79,SC_9043,1
80,PR-00-1823,0
81,TCGA-KK-A59Z,0
82,PROS10448-SUTC.01115081-SM-4JC6A,1
83,TCGA-KK-A6E5,0
84,PR-04-903,0
85,P05-3852,0
86,PR-0415,0
87,SC_9006,1
88,PM156,1
89,TCGA-KK-A6E8,0
90,SC_9076,1
91,TCGA-EJ-A65J,0
92,TCGA-EJ-5519,0
93,12-011I7_LN,1
94,P03-871,0
95,TCGA-HC-8264,0
96,TCGA-M7-A720,0
97,TCGA-EJ-A7NM,0
98,MO_1040,1
99,AAPC-STID0000021577-Tumor-SM-3RVWH,0
100,SC_9010,1
101,TCGA-HC-7212,0
102,P03-2345,0
103,TCGA-G9-6494,0
104,TCGA-V1-A9OA,0
105,TCGA-EJ-7218,0
106,MO_1105,1
107,05-148E3_LIVER,1
108,TCGA-EJ-A7NK,0
109,TCGA-YL-A8SP,0
110,TCGA-ZG-A9NI,0
111,AAPC-STID0000021598-Tumor-SM-2XTZN,0
112,MO_1421,1
113,TCGA-J9-A52C,0
114,12688,0
115,PR-05-3595,0
116,TCGA-XA-A8JR,0
117,TCGA-ZG-A9L1,0
118,TCGA-V1-A8MM,0
119,TCGA-YL-A9WY,0
120,TCGA-G9-6351,0
121,TCGA-KK-A7AY,0
122,TCGA-EJ-8469,0
123,TCGA-J4-A67N,0
124,PRAD-STID18248-Tumor-SM-1RCU7,1
125,TCGA-ZG-A9LB,0
126,21510,0
127,TCGA-HC-7075,0
128,SC_9091,1
129,TCGA-EJ-5509,0
130,08-093J1_LN,1
131,PROS10448-SUTC.01115085-SM-4JC6J,1
132,TCGA-V1-A9Z9,0
133,AAPC-IP_LG-033-Tumor-SM-3NC6B,0
134,MO_1176,1
135,PROS12319B-SU2C-06115120-SM-4W2NF,1
136,TCGA-G9-A9S4,0
137,AAPC-STID0000021608-Tumor-SM-3RVWO,0
138,SC_9071,1
139,TCGA-EJ-5522,0
140,TCGA-XJ-A9DQ,0
141,TCGA-XK-AAK1,0
142,TCGA-YL-A9WJ,0
143,SC_9092,1
144,TCGA-V1-A9O9,0
145,TCGA-J4-AAU2,0
146,TCGA-VN-A88R,0
147,21011,0
148,TCGA-G9-6366,0
149,P07-837,0
150,PRAD-01115257-SM-6WZF8,1
151,AAPC-STID0000010902-Tumor-SM-2XU1E,0
152,PR-2915,0
153,TCGA-KK-A5A1,0
154,PROS12319B-SU2C-06115115-SM-4W2NA,1
155,SC_9068,1
156,03-163S4_LIVER,1
157,TCGA-VP-A875,0
158,TCGA-YL-A8SC,0
159,AAPC-STID0000007540-Tumor-SM-2XU15,0
160,TCGA-G9-6342,0
161,TCGA-KK-A7AZ,0
162,TCGA-HC-A632,0
163,22171,0
164,PM163,1
165,TCGA-2A-AAYU,0
166,TCGA-EJ-7793,0
167,AAPC-STID0000021597-Tumor-SM-3RVWK,0
168,AAPC-STID0000021600-Tumor-SM-3RVWL,0
169,05-214BB2_BONE,1
170,PROS01448-6115235-SM-67ERY,1
171,P08-590,0
172,TCGA-KK-A8I6,0
173,TCGA-CH-5771,0
174,TCGA-HC-8213,0
175,TCGA-G9-6353,0
176,SC_9002,1
177,TCGA-KK-A7B3,0
178,TCGA-HC-7744,0
179,AAPC-STID0000020209-Tumor-SM-2XU21,0
180,AAPC-IP_LG-075-Tumor-SM-3NC76,0
181,PR-2761,0
182,MO_1095,1
183,TCGA-HC-7232,0
184,99-064O_LN,1
185,PR-02-254,0
186,TCGA-HC-7233,0
187,TP_2032,1
188,TCGA-YL-A8HK,0
189,PROS10448-1115126-SM-5EEBI,1
190,TCGA-EJ-5510,0
191,TCGA-G9-6336,0
192,P05-3436,0
193,MO_1084,1
194,TCGA-EJ-A8FU,0
195,SC_9134,1
196,TCGA-G9-6367,0
197,TCGA-V1-A9OY,0
198,TCGA-FC-A8O0,0
199,TCGA-KK-A59V,0
200,PM14,1
201,PRAD-01115343-SM-6VZ7N,1
202,TCGA-KC-A4BL,0
203,AAPC-STID0000021557-Tumor-SM-3RVWA,0
204,TCGA-EJ-8468,0
205,PROS11496-6115320-SM-6CNQ4,1
206,P06-1125,0
207,SC_9123,1
208,AAPC-STID0000007180-Tumor-SM-2XU14,0
209,SC_9151,1
210,TCGA-G9-6499,0
211,PR-04-3222,0
212,TCGA-XK-AAIR,0
213,TCGA-EJ-5524,0
214,PRAD-01115349-SM-6VZ7M,1
215,TCGA-XK-AAIV,0
216,PROS01448-DFCI.10-448.P30-SM-5CQ4V,1
217,TCGA-EJ-A7NH,0
218,TCGA-G9-7525,0
219,PROS01448-1115202-SM-5SGU5,1
220,TCGA-KK-A6DY,0
221,02-083E1_LN,1
222,TP_2077,1
223,SC_9011,1
224,TCGA-VN-A943,0
225,AAPC-STID0000015908-Tumor-SM-2XU1U,0
226,PRAD-6115400.0-SM-7LGUM,1
227,AAPC-STID0000021593-Tumor-SM-2XTZH,0
228,TCGA-EJ-A6RC,0
229,AAPC-STID0000008920-Tumor-SM-2XU17,0
230,PRAD-STID7520-Tumor-SM-2RXM6,0
231,SC_9104,1
232,TCGA-EJ-5501,0
233,PR-04-3347,0
234,TCGA-EJ-7783,0
235,03-139E3_RETROPERITONEAL,1
236,PROS12319B-SU2C-06115119-SM-4W2NE,1
237,SC_9140,1
238,TCGA-KK-A6E6,0
239,PRAD-6115397.0-SM-7LGUJ,1
240,PROS01448-DFCI.10-448.P22-SM-5CQ5H,1
241,TCGA-V1-A8WS,0
242,05-217L3_LUNG,1
243,MO_1447,1
244,TCGA-FC-7961,0
245,SC_9085,1
246,TCGA-EJ-A46B,0
247,P04-1790,0
248,PR-09-2744,0
249,PR-02-1082,0
250,TCGA-FC-7708,0
251,AAPC-STID0000002869-Tumor-SM-2XU51,0
252,TCGA-HC-7209,0
253,TCGA-ZG-A9L6,0
254,04-149E2_LN,1
255,TP_2064,1
256,TCGA-G9-7523,0
257,TCGA-G9-6343,0
258,PR-01-2554,0
259,PM158,1
260,TCGA-HC-7213,0
261,TCGA-G9-6498,0
262,PROS10448-SUTC.01115082-SM-4JC6B,1
263,TCGA-EJ-5503,0
264,PR-09-5702,0
265,MO_1124,1
266,TCGA-ZG-A9LY,0
267,PR-01-2492,0
268,TCGA-J9-A8CM,0
269,TCGA-ZG-A8QX,0
270,SC_9063,1
271,TCGA-HC-8216,0
272,MO_1277,1
273,99-091J_LN,1
274,TCGA-ZG-A9L0,0
275,PROS11496-6115295-SM-6CNQ7,1
276,TCGA-ZG-A9LS,0
277,PR-04-194,0
278,P05-3859,0
279,TCGA-CH-5741,0
280,TCGA-KK-A8IL,0
281,TCGA-V1-A8MK,0
282,TCGA-HC-A6HX,0
283,TCGA-HC-7211,0
284,21016,0
285,SC_9099,1
286,SC_9148,1
287,AAPC-STID0000003820-Tumor-SM-2XTZW,0
288,TCGA-CH-5764,0
289,PR-09-3687,0
290,PRAD-6115383.0-SM-7LGU6,1
291,TCGA-EJ-7781,0
292,TCGA-YL-A8SH,0
293,TCGA-CH-5753,0
294,01-095N1_LN,1
295,TCGA-EJ-7797,0
296,TCGA-CH-5761,0
297,MO_1128,1
298,TCGA-G9-6371,0
299,PRAD-6115390.0-SM-7LGUC,1
