,id,response
0,SC_9063,1
1,AAPC-STID0000007180-Tumor-SM-2XU14,0
2,AAPC-STID0000021598-Tumor-SM-2XTZN,0
3,TCGA-KK-A6E8,0
4,TCGA-EJ-A7NM,0
5,TCGA-V1-A9Z8,0
6,SC_9011,1
7,PROS01448-DFCI.10-448.P30-SM-5CQ4V,1
8,TCGA-J9-A52D,0
9,PRAD-6115403.0-SM-7LGUQ,1
10,PM156,1
11,TCGA-G9-6494,0
12,AAPC-IP_LG-061-Tumor-SM-3NC6X,0
13,AAPC-STID0000007540-Tumor-SM-2XU15,0
14,TCGA-G9-6336,0
15,21016,0
16,SC_9068,1
17,PM158,1
18,TCGA-XK-AAIR,0
19,TCGA-HI-7168,0
20,22171,0
21,TCGA-HC-8216,0
22,PR-04-903,0
23,TCGA-MG-AAMC,0
24,PR-04-3222,0
25,AAPC-IP_LG-075-Tumor-SM-3NC76,0
26,TCGA-EJ-5519,0
27,TCGA-KK-A7AZ,0
28,TCGA-CH-5744,0
29,SC_9007,1
30,TCGA-KK-A59Z,0
31,PROS01448-6115235-SM-67ERY,1
32,TCGA-XJ-A9DX,0
33,TCGA-FC-A8O0,0
34,TCGA-YL-A8HL,0
35,TCGA-FC-7708,0
36,05-165O_ADRENAL,1
37,TCGA-HC-7744,0
38,01-095N1_LN,1
39,AAPC-STID0000010902-Tumor-SM-2XU1E,0
40,TCGA-V1-A9OA,0
41,TP_2032,1
42,P05-3852,0
43,PROS01448-1115161-SM-5SGU1,1
44,SC_9123,1
45,TCGA-EJ-A7NK,0
46,TCGA-HC-7213,0
47,SC_9091,1
48,PROS10448-SUTC.01115081-SM-4JC6A,1
49,TCGA-HC-7233,0
50,AAPC-STID0000008920-Tumor-SM-2XU17,0
51,TCGA-G9-7525,0
52,TCGA-KK-A5A1,0
53,SC_9109,1
54,TCGA-G9-6363,0
55,MO_1447,1
56,MO_1040,1
57,TCGA-G9-6353,0
58,SC_9148,1
59,TCGA-VP-A875,0
60,PR-02-1899,0
61,TCGA-EJ-A6RC,0
62,TCGA-J9-A52C,0
63,TCGA-KK-A7AY,0
64,SC_9040,1
65,PM121,1
66,TCGA-KK-A6E6,0
67,AAPC-STID0000011949-Tumor-SM-2XU1I,0
68,SC_9153,1
69,TCGA-KK-A6E5,0
70,P03-871,0
71,MO_1114,1
72,TCGA-YL-A8HK,0
73,PM14,1
74,SC_9124,1
75,P09-1580,0
76,TCGA-ZG-A9L6,0
77,TCGA-J4-A67S,0
78,TCGA-V1-A8MM,0
79,TCGA-HC-7230,0
80,TCGA-EJ-5494,0
81,TCGA-G9-6367,0
82,AAPC-IP_LG-059-Tumor-SM-3NC6V,0
83,TCGA-G9-6351,0
84,PRAD-6115383.0-SM-7LGU6,1
85,MO_1094,1
86,05-148E3_LIVER,1
87,TCGA-YL-A9WY,0
88,PROS10448-1115126-SM-5EEBI,1
89,AAPC-IP_LG-019-Tumor-SM-3NC61,0
90,TCGA-J4-A67N,0
91,TCGA-G9-6371,0
92,TCGA-ZG-A8QX,0
93,TCGA-EJ-A8FU,0
94,PROS01448-DFCI.10-448.P22-SM-5CQ5H,1
95,PROS10448-SUTC.01115090-SM-4JC6W,1
96,TCGA-V1-A9OQ,0
97,PRAD-6115400.0-SM-7LGUM,1
98,TCGA-CH-5750,0
99,TCGA-CH-5763,0
100,TCGA-KK-A6DY,0
101,P07-837,0
102,SC_9002,1
103,TCGA-EJ-7797,0
104,21510,0
105,AAPC-IP_LG-051-Tumor-SM-3NC6N,0
106,PROS10448-SUTC.01115091-SM-4JC6Y,1
107,TCGA-YL-A8SC,0
108,TCGA-EJ-5517,0
109,TCGA-G9-6370,0
110,MO_1277,1
111,PROS01448-1115202-SM-5SGU5,1
112,TP_2077,1
113,TCGA-FC-A66V,0
114,SC_9010,1
115,TCGA-G9-7523,0
116,AAPC-STID0000021557-Tumor-SM-3RVWA,0
117,TCGA-HC-8264,0
118,PR-02-1082,0
119,TCGA-YL-A8SH,0
120,PRAD-STID18248-Tumor-SM-1RCU7,1
121,PRAD-6115389.0-SM-7LGUB,1
122,TCGA-ZG-A9L0,0
123,TCGA-EJ-7793,0
124,TCGA-KK-A7B3,0
125,TCGA-FC-7961,0
126,TCGA-KC-A4BL,0
127,PROS01448-DFCI.10-448.P15-SM-5CQ5D,1
128,PR-00-160,0
129,TCGA-HC-A632,0
130,PRAD-STID7520-Tumor-SM-2RXM6,0
131,P04-1790,0
132,SC_9006,1
133,AAPC-STID0000021608-Tumor-SM-3RVWO,0
134,PROS10448-SUTC.01115082-SM-4JC6B,1
135,TCGA-EJ-A65D,0
136,SC_9104,1
137,SC_9076,1
138,TCGA-XQ-A8TB,0
139,PR-0415,0
140,TCGA-V1-A9Z9,0
141,AAPC-STID0000021563-Tumor-SM-2XTYU,0
142,TCGA-CH-5753,0
143,MO_1095,1
144,MO_1262,1
145,AAPC-STID0000003820-Tumor-SM-2XTZW,0
146,TCGA-EJ-5509,0
147,TCGA-XA-A8JR,0
148,TCGA-YL-A9WJ,0
149,TCGA-HC-7747,0
150,P07-360,0
151,AAPC-IP_LG-033-Tumor-SM-3NC6B,0
152,12-011I7_LN,1
153,AAPC-STID0000020209-Tumor-SM-2XU21,0
154,PR-04-194,0
155,TCGA-EJ-5503,0
156,AAPC-IP_LG-053-Tumor-SM-3NC6P,0
157,P06-1125,0
158,03-139E3_RETROPERITONEAL,1
159,PR-3026,0
160,MO_1460,1
161,TCGA-VN-A88R,0
162,SC_9031,1
163,MO_1339,1
164,12688,0
165,SC_9071,1
166,TCGA-V1-A8MK,0
167,TCGA-CH-5764,0
168,MO_1084,1
169,TCGA-V1-A9OY,0
170,TCGA-ZG-A9L1,0
171,PR-00-1823,0
172,99-091J_LN,1
173,MO_1128,1
174,PR-09-5446,0
175,SC_9134,1
176,PR-2915,0
177,PRAD-6115397.0-SM-7LGUJ,1
178,P05-3436,0
179,AAPC-STID0000021597-Tumor-SM-3RVWK,0
180,TCGA-G9-A9S4,0
181,PR-01-2492,0
182,SC_9092,1
183,AAPC-STID0000021551-Tumor-SM-2XTYN,0
184,MO_1316,1
185,TCGA-EJ-A65J,0
186,MO_1124,1
187,TCGA-J4-AAU2,0
188,PR-2761,0
189,TCGA-XK-AAIV,0
190,SC_9128,1
191,PM90,1
192,TCGA-CH-5741,0
