,id,response
0,PROS12319B-SU2C-06115115-SM-4W2NA,1
1,TCGA-V1-A9Z8,0
2,TCGA-KK-A7B2,0
3,TCGA-XJ-A9DX,0
4,TCGA-CH-5741,0
5,TCGA-HC-7744,0
6,SC_9007,1
7,TCGA-G9-6494,0
8,TCGA-HC-8264,0
9,PM158,1
10,TCGA-J4-A67N,0
11,SC_9134,1
12,SC_9010,1
13,TCGA-J4-AAU2,0
14,P05-3436,0
15,AAPC-IP_LG-019-Tumor-SM-3NC61,0
16,AAPC-STID0000010902-Tumor-SM-2XU1E,0
17,TCGA-HC-7230,0
18,SC_9092,1
19,TCGA-G9-6342,0
20,TCGA-EJ-7797,0
21,TCGA-YL-A9WJ,0
22,AAPC-IP_LG-059-Tumor-SM-3NC6V,0
23,PRAD-01115349-SM-6VZ7M,1
24,PR-04-903,0
25,SC_9068,1
26,21510,0
27,TCGA-EJ-7783,0
28,PRAD-6115383.0-SM-7LGU6,1
29,05-165O_ADRENAL,1
30,P03-871,0
31,TCGA-J4-A67S,0
32,TCGA-KK-A7AY,0
33,TCGA-EJ-A8FU,0
34,TCGA-G9-6367,0
35,TCGA-EJ-5509,0
36,TCGA-V1-A9Z9,0
37,TCGA-V1-A9OQ,0
38,MO_1084,1
39,AAPC-STID0000003820-Tumor-SM-2XTZW,0
40,TCGA-YL-A8SC,0
41,AAPC-STID0000007540-Tumor-SM-2XU15,0
42,TCGA-G9-6353,0
43,TCGA-VN-A88R,0
44,TCGA-ZG-A9L6,0
45,SC_9123,1
46,AAPC-STID0000021600-Tumor-SM-3RVWL,0
47,TCGA-KK-A6E5,0
48,TCGA-KK-A59Z,0
49,SC_9153,1
50,SC_9109,1
51,TCGA-EJ-7793,0
52,TCGA-G9-A9S4,0
53,AAPC-STID0000021551-Tumor-SM-2XTYN,0
54,AAPC-IP_LG-051-Tumor-SM-3NC6N,0
55,PR-00-160,0
56,SC_9128,1
57,TCGA-EJ-A65D,0
58,TCGA-EJ-5517,0
59,MO_1124,1
60,TCGA-ZG-A9L1,0
61,TCGA-EJ-5519,0
62,MO_1447,1
63,PR-00-1823,0
64,MO_1095,1
65,TCGA-ZG-A9LS,0
66,P04-1790,0
67,TCGA-G9-6336,0
68,TCGA-KK-A7AZ,0
69,TCGA-XK-AAIR,0
70,AAPC-STID0000021608-Tumor-SM-3RVWO,0
71,MO_1094,1
72,TCGA-YL-A8SH,0
73,12688,0
74,MO_1277,1
75,AAPC-STID0000021598-Tumor-SM-2XTZN,0
76,SC_9091,1
77,PR-02-1082,0
78,SC_9006,1
79,PROS10448-SUTC.01115090-SM-4JC6W,1
80,TCGA-G9-6351,0
81,TCGA-KC-A4BL,0
82,TCGA-CH-5763,0
83,22171,0
84,TCGA-V1-A8MK,0
85,AAPC-STID0000021557-Tumor-SM-3RVWA,0
86,01-095N1_LN,1
87,MO_1040,1
88,TCGA-YL-A8HL,0
89,SC_9071,1
90,TCGA-G9-7525,0
91,TCGA-VP-A875,0
92,AAPC-IP_LG-061-Tumor-SM-3NC6X,0
93,TCGA-CH-5750,0
94,TCGA-HC-7747,0
95,AAPC-STID0000021577-Tumor-SM-3RVWH,0
96,TCGA-V1-A9OA,0
97,PROS01448-DFCI.10-448.P30-SM-5CQ4V,1
98,PR-2915,0
99,SC_9063,1
100,TCGA-HC-7233,0
101,MO_1460,1
102,TCGA-FC-A8O0,0
103,TCGA-XA-A8JR,0
104,SC_9040,1
105,TCGA-FC-7708,0
106,AAPC-STID0000021597-Tumor-SM-3RVWK,0
107,PROS01448-DFCI.10-448.P15-SM-5CQ5D,1
108,PRAD-01115343-SM-6VZ7N,1
109,TCGA-ZG-A9L0,0
110,AAPC-STID0000020209-Tumor-SM-2XU21,0
111,TCGA-CH-5753,0
112,TCGA-EJ-A65J,0
113,SC_9104,1
114,TCGA-V1-A9OY,0
115,PRAD-6115400.0-SM-7LGUM,1
116,PR-09-5446,0
117,TCGA-G9-6498,0
118,TP_2032,1
119,TCGA-XK-AAIV,0
120,PROS10448-1115126-SM-5EEBI,1
121,TCGA-EJ-A46B,0
122,PRAD-STID18248-Tumor-SM-1RCU7,1
123,PROS01448-6115235-SM-67ERY,1
124,21016,0
125,TCGA-HC-7213,0
126,AAPC-STID0000011949-Tumor-SM-2XU1I,0
127,SC_9124,1
128,PM90,1
129,PR-01-2492,0
130,P07-360,0
131,TCGA-CH-5771,0
132,PROS01448-DFCI.10-448.P22-SM-5CQ5H,1
133,AAPC-STID0000007180-Tumor-SM-2XU14,0
134,TCGA-HC-7211,0
135,MO_1262,1
136,99-091J_LN,1
137,12-011I7_LN,1
138,05-148E3_LIVER,1
139,P05-3852,0
140,TCGA-EJ-5503,0
141,TCGA-EJ-5494,0
142,P07-837,0
143,TCGA-KK-A6E8,0
144,MO_1316,1
145,TCGA-MG-AAMC,0
146,TP_2077,1
147,TCGA-G9-6370,0
148,TCGA-YL-A9WY,0
149,PR-02-1899,0
150,TCGA-ZG-A8QX,0
151,PROS10448-SUTC.01115091-SM-4JC6Y,1
152,TCGA-KK-A6DY,0
153,AAPC-IP_LG-033-Tumor-SM-3NC6B,0
154,PROS01448-1115202-SM-5SGU5,1
155,PROS12319B-SU2C-06115119-SM-4W2NE,1
156,MO_1128,1
157,SC_9148,1
158,P09-1580,0
159,PROS10448-SUTC.01115085-SM-4JC6J,1
160,TCGA-HI-7168,0
161,MO_1339,1
162,TCGA-KK-A7B3,0
163,AAPC-IP_LG-053-Tumor-SM-3NC6P,0
164,TCGA-EJ-A7NK,0
165,PR-02-254,0
166,TCGA-J9-A52C,0
167,PR-2761,0
168,TCGA-EJ-A6RC,0
169,TCGA-FC-A66V,0
170,TCGA-G9-6371,0
171,AAPC-STID0000008920-Tumor-SM-2XU17,0
172,PROS01448-1115161-SM-5SGU1,1
173,PR-3026,0
174,P06-1125,0
175,PM121,1
176,PROS10448-SUTC.01115082-SM-4JC6B,1
177,03-139E3_RETROPERITONEAL,1
178,PR-04-3222,0
179,TCGA-J9-A52D,0
180,TCGA-HC-8216,0
181,SC_9031,1
182,PROS10448-SUTC.01115081-SM-4JC6A,1
183,PRAD-STID7520-Tumor-SM-2RXM6,0
184,TCGA-HC-A632,0
185,TCGA-V1-A9O9,0
186,SC_9060,1
187,TCGA-KK-A5A1,0
188,PRAD-6115397.0-SM-7LGUJ,1
189,AAPC-IP_LG-075-Tumor-SM-3NC76,0
190,TCGA-YL-A8HK,0
191,SC_9099,1
192,TCGA-G9-6363,0
193,TCGA-EJ-A7NM,0
194,PM156,1
195,TCGA-V1-A8MM,0
196,21011,0
197,TCGA-KK-A6E6,0
198,TCGA-EJ-A7NH,0
199,TCGA-CH-5764,0
200,MO_1114,1
201,PRAD-6115389.0-SM-7LGUB,1
202,PR-05-3595,0
203,PM14,1
204,TCGA-XQ-A8TB,0
205,SC_9076,1
206,99-090A2_LIVER,1
207,SC_9011,1
208,TCGA-FC-7961,0
209,TCGA-G9-7523,0
210,PR-04-194,0
211,PR-0415,0
212,SC_9002,1
213,TCGA-CH-5744,0
214,PRAD-6115403.0-SM-7LGUQ,1
215,AAPC-STID0000021563-Tumor-SM-2XTYU,0
