,id,response
0,P07-144,0
1,PR-02-1736,0
2,TCGA-EJ-A46F,0
3,TCGA-VP-AA1N,0
4,TCGA-KC-A4BR,0
5,SC_9068,1
6,PROS01448-1115202-SM-5SGU5,1
7,PRAD-01115264-SM-6WZFA,1
8,AAPC-IP_LG-049-Tumor-SM-3NC6L,0
9,TCGA-V1-A9O7,0
10,P07-837,0
11,09-006F1_RENAL,1
12,TCGA-H9-A6BY,0
13,P02-1562,0
14,TCGA-EJ-A65D,0
15,TCGA-HC-7232,0
16,TCGA-FC-7708,0
17,AAPC-STID0000021604-Tumor-SM-2XTZU,0
18,TCGA-XQ-A8TA,0
19,PR-3026,0
20,TCGA-ZG-A9LY,0
21,TCGA-CH-5789,0
22,PROS12319B-SU2C-06115122-SM-4W2NH,1
23,TCGA-EJ-A8FU,0
24,TCGA-G9-6347,0
25,12688,0
26,TCGA-KK-A6E8,0
27,AAPC-IP_LG-079-Tumor-SM-3NC7A,0
28,TCGA-FC-A6HD,0
29,TCGA-YL-A8SH,0
30,TCGA-XJ-A9DQ,0
31,MO_1012,1
32,TCGA-EJ-A6RA,0
33,TCGA-G9-6351,0
34,TCGA-YL-A8SL,0
35,TCGA-YL-A8SF,0
36,P09-120,0
37,SC_9073,1
38,MO_1262,1
39,TCGA-KK-A59Y,0
40,TCGA-EJ-5508,0
41,SC_9031,1
42,TCGA-FC-A5OB,0
43,PR-09-5094,0
44,PRAD-01115257-SM-6WZF8,1
45,PROS10448-1115150-SM-5EEBK,1
46,PM124,1
47,TCGA-EJ-AB20,0
48,TCGA-HC-7821,0
49,TCGA-EJ-5510,0
50,TCGA-V1-A9OY,0
51,AAPC-STID0000021586-Tumor-SM-2XU24,0
52,03-163S4_LIVER,1
53,TCGA-J9-A8CN,0
54,TCGA-HC-8216,0
55,TCGA-KK-A7B1,0
56,TCGA-HC-7212,0
57,MO_1020,1
58,MO_1447,1
59,P06-1125,0
60,SC_9063,1
61,99-090A2_LIVER,1
62,TCGA-G9-6370,0
63,PRAD-6115400.0-SM-7LGUM,1
64,TCGA-EJ-5517,0
65,SC_9058,1
66,PR-00-160,0
67,05-165O_ADRENAL,1
68,TCGA-HC-A6HX,0
69,AAPC-STID0000009880-Tumor-SM-2XU19,0
70,TCGA-M7-A71Z,0
71,PROS12319B-SU2C-06115121-SM-4W2NG,1
72,AAPC-IP_LG-033-Tumor-SM-3NC6B,0
73,PRAD-6115394.0-SM-7LGUG,1
74,SC_9141,1
75,TCGA-KK-A8IK,0
76,SC_9022,1
77,AAPC-STID0000002869-Tumor-SM-2XU51,0
78,PROS01448-DFCI.10-448.P20-SM-5CQ5F,1
79,TCGA-G9-7523,0
80,PROS10448-SUTC.01115091-SM-4JC6Y,1
81,TCGA-HC-7211,0
82,PROS11496-6115288-SM-6CNQ1,1
83,AAPC-STID0000021574-Tumor-SM-3RVWF,0
84,TCGA-KC-A4BL,0
85,TCGA-EJ-A65E,0
86,PRAD-6115385.0-SM-7LGU7,1
87,TCGA-EJ-5542,0
88,TCGA-KK-A8IM,0
89,SC_9151,1
90,MO_1179,1
91,TP_2001,1
92,MO_1124,1
93,TCGA-HC-7230,0
94,SC_9094,1
95,SC_9019,1
96,TCGA-G9-6333,0
97,MO_1095,1
98,TCGA-EJ-7786,0
99,TCGA-CH-5761,0
100,TCGA-EJ-7792,0
101,21510,0
102,AAPC-STID0000021598-Tumor-SM-2XTZN,0
103,AAPC-STID0000010880-Tumor-SM-2XU1C,0
104,SC_9140,1
105,TCGA-EJ-8474,0
106,SC_9124,1
107,TCGA-HC-8213,0
108,TCGA-V1-A9Z7,0
109,PM155,1
110,TCGA-EJ-7783,0
111,PM15,1
112,SC_9104,1
113,TCGA-EJ-5498,0
114,TCGA-HC-7233,0
115,TCGA-EJ-5527,0
116,PROS12319B-SU2C-06115115-SM-4W2NA,1
117,PRAD-6115402.0-SM-7LGUP,1
118,TCGA-J4-A67N,0
119,TCGA-YL-A8HL,0
120,TCGA-EJ-5522,0
121,AAPC-STID0000021597-Tumor-SM-3RVWK,0
122,TCGA-VN-A88R,0
123,SC_9136,1
124,PROS11496-6115236-SM-6CNPW,1
125,PROS01448-6115227-SM-67ERU,1
126,TCGA-EJ-5503,0
127,TCGA-KK-A8I7,0
128,TCGA-EJ-7328,0
129,SC_9076,1
130,26731,0
131,TCGA-YL-A9WI,0
132,PROS10448-1115157-SM-5EEBO,1
133,TCGA-CH-5752,0
134,SC_9092,1
135,TCGA-M7-A720,0
136,MO_1460,1
137,TCGA-HC-A6AL,0
138,TCGA-V1-A8MK,0
139,TCGA-HC-7081,0
140,AAPC-STID0000021613-Tumor-SM-2XU1K,0
141,TCGA-KK-A6E0,0
142,TCGA-YL-A9WL,0
143,TCGA-ZG-A9LM,0
144,TCGA-XK-AAIW,0
145,PRAD-6115401.0-SM-7LGUO,1
146,TCGA-V1-A9ZG,0
147,TCGA-EJ-7793,0
148,PR-3034,0
149,TCGA-V1-A9O9,0
150,TCGA-EJ-5512,0
151,TCGA-J4-AATZ,0
152,TCGA-G9-6336,0
153,MO_1084,1
154,AAPC-IP_LG-075-Tumor-SM-3NC76,0
155,TCGA-XK-AAJT,0
156,TCGA-J4-A67S,0
157,TCGA-ZG-A9LS,0
158,PROS10448-SUTC.01115081-SM-4JC6A,1
159,P06-1696,0
160,TCGA-KK-A7B2,0
161,SC_9142,1
162,SC_9026,1
163,SC_9109,1
164,TCGA-KK-A7AZ,0
165,TCGA-X4-A8KQ,0
166,PRAD-6115398.0-SM-7LGUK,1
167,PR-04-639,0
168,PROS12319B-SU2C-06115114-SM-4W2N9,1
169,TCGA-FC-7961,0
170,PRAD-6115381.0-SM-7LGU3,1
171,TCGA-EJ-5509,0
172,AAPC-STID0000021556-Tumor-SM-3RVW9,0
173,TCGA-EJ-5531,0
174,TCGA-KK-A6E7,0
175,AAPC-STID0000021608-Tumor-SM-3RVWO,0
176,TCGA-V1-A9OQ,0
177,SC_9025,1
178,TCGA-VN-A943,0
179,MO_1040,1
180,P03-3391,0
181,PROS12319B-SU2C-06115118-SM-4W2ND,1
182,P04-1243,0
183,PROS11496-6115295-SM-6CNQ7,1
184,SC_9085,1
185,SC_9172,1
186,PM156,1
187,TCGA-CH-5764,0
188,P09-2497,0
189,TCGA-G9-6343,0
190,SC_9123,1
191,TCGA-EJ-5502,0
192,22171,0
193,TCGA-EJ-7218,0
194,TCGA-YL-A9WY,0
195,MO_1114,1
196,TCGA-G9-7510,0
197,PROS01448-DFCI.10-448.P38-SM-5CQ52,1
198,TCGA-HC-A6AQ,0
199,TCGA-CH-5754,0
200,TCGA-G9-6366,0
201,SC_9028,1
202,AAPC-IP_LG-045-Tumor-SM-3NC6H,0
203,TCGA-EJ-7784,0
204,TCGA-EJ-A65F,0
205,20870,1
206,TCGA-2A-A8W3,0
207,TCGA-HC-7075,0
208,TCGA-G9-6378,0
209,TCGA-YL-A8SC,0
210,PROS10448-SUTC.01115085-SM-4JC6J,1
211,TCGA-G9-6342,0
212,TCGA-XJ-A9DI,0
213,TCGA-HC-7747,0
214,PM121,1
215,PRAD-STID7520-Tumor-SM-2RXM6,0
216,TCGA-YL-A8SA,0
217,SC_9016,1
218,AAPC-STID0000010200-Tumor-SM-2XU1A,0
219,TCGA-EJ-5511,0
220,TCGA-J4-A67M,0
221,10363,0
222,PROS10448-SUTC.01115092-SM-4JC74,1
223,99-091J_LN,1
224,TCGA-KK-A7AU,0
225,TCGA-CH-5794,0
226,SC_9017,1
227,PROS11496-6115320-SM-6CNQ4,1
228,TCGA-KK-A59V,0
229,TCGA-HC-7213,0
230,AAPC-STID0000021593-Tumor-SM-2XTZH,0
231,12-011I7_LN,1
232,MO_1277,1
233,TCGA-H9-7775,0
234,TCGA-HC-A632,0
235,MO_1074,1
236,P05-3852,0
237,P02-2035,0
238,PROS12319B-SU2C-06115119-SM-4W2NE,1
239,AAPC-IP_LG-019-Tumor-SM-3NC61,0
240,TCGA-HI-7168,0
241,AAPC-STID0000021584-Tumor-SM-2XTZ6,0
242,MO_1176,1
243,MO_1094,1
244,TCGA-G9-7525,0
245,AAPC-STID0000001044-Tumor-SM-2XU23,0
246,TCGA-YL-A9WJ,0
247,AAPC-STID0000003820-Tumor-SM-2XTZW,0
248,SC_9023,1
249,00-029N9_LN,1
250,PR-3036,0
251,P03-871,0
252,TCGA-KK-A6DY,0
253,TCGA-HC-A76W,0
254,TCGA-J4-8200,0
255,SC_9002,1
256,P03-1334,0
257,TCGA-ZG-A9LN,0
258,SC_9061,1
259,PR-03-1026,0
260,PROS01448-DFCI.10-448.P15-SM-5CQ5D,1
261,PRAD-STID18248-Tumor-SM-1RCU7,1
262,TCGA-G9-6494,0
263,TCGA-HC-7819,0
264,PRAD-6115383.0-SM-7LGU6,1
265,PROS10448-1115126-SM-5EEBI,1
266,PR-09-5702,0
267,TCGA-HC-7737,0
268,TCGA-EJ-7797,0
269,TCGA-XK-AAIR,0
270,PROS11496-6115286-SM-6CNPY,1
271,TCGA-CH-5745,0
272,AAPC-IP_LG-073-Tumor-SM-3NC74,0
273,MO_1118,1
274,TCGA-J9-A52C,0
275,AAPC-STID0000008920-Tumor-SM-2XU17,0
276,PR-04-3347,0
277,AAPC-STID0000020209-Tumor-SM-2XU21,0
278,TCGA-CH-5748,0
279,SC_9173,1
280,AAPC-STID0000021550-Tumor-SM-2XTYM,0
281,PRAD-01115343-SM-6VZ7N,1
282,TCGA-HC-A631,0
283,PR-02-1082,0
284,AAPC-STID0000007180-Tumor-SM-2XU14,0
285,08-093J1_LN,1
286,TCGA-YL-A8S9,0
287,TCGA-EJ-5494,0
288,TCGA-HC-7209,0
289,SC_9097,1
290,03-192B_LUNG,1
291,TCGA-KK-A7B0,0
292,PR-02-1899,0
293,TCGA-VP-A872,0
294,TCGA-XJ-A9DX,0
295,AAPC-STID0000021583-Tumor-SM-3RVWI,0
296,TCGA-ZG-A9L2,0
297,SC_9030,1
298,TCGA-ZG-A8QY,0
299,PR-2915,0
300,PR-01-2554,0
301,TCGA-EJ-7125,0
302,TCGA-QU-A6IN,0
303,PR-0099,0
304,TCGA-CH-5750,0
305,AAPC-IP_LG-053-Tumor-SM-3NC6P,0
306,TCGA-CH-5792,0
307,TCGA-EJ-A46I,0
308,TCGA-YL-A8HJ,0
309,TCGA-G9-A9S4,0
310,TCGA-VP-A875,0
311,TCGA-ZG-A9LB,0
312,TCGA-G9-6371,0
313,TCGA-XJ-A83G,0
314,MO_1130,1
315,PR-05-3595,0
316,PR-2740,0
317,TCGA-4L-AA1F,0
318,TCGA-ZG-A8QX,0
319,TCGA-ZG-A9N3,0
320,SC_9036,1
321,98-362B1_LN,1
322,PR-01-2492,0
323,TCGA-G9-6367,0
324,P09-1580,0
325,TCGA-KK-A8IH,0
326,TCGA-CH-5746,0
327,SC_9165,1
328,P07-5036,0
329,SC_9040,1
330,MO_1421,1
331,AAPC-STID0000012110-Tumor-SM-2XU1J,0
332,12729,0
333,TCGA-V1-A8MM,0
334,SC_9148,1
335,SC_9079,1
336,TCGA-CH-5769,0
337,03-139E3_RETROPERITONEAL,1
338,TCGA-HC-A8D1,0
339,TCGA-XJ-A83F,0
340,TCGA-YL-A8SK,0
341,P09-649,0
342,TCGA-HC-8264,0
343,PR-01-1934,0
344,TCGA-HC-A4ZV,0
345,TCGA-EJ-5524,0
346,PR-04-903,0
347,TCGA-G9-6363,0
348,PM119,1
349,PR-02-254,0
350,PM163,1
351,PROS01448-DFCI.10-448.P22-SM-5CQ5H,1
352,99-064O_LN,1
353,SC_9099,1
354,SC_9163,1
355,TCGA-EJ-5519,0
356,AAPC-IP_LG-067-Tumor-SM-3NC6Z,0
357,05-148E3_LIVER,1
358,TCGA-J4-AATV,0
359,TP_2032,1
360,AAPC-STID0000021557-Tumor-SM-3RVWA,0
361,TCGA-KC-A7FA,0
362,P04-1790,0
363,TCGA-ZG-A9L9,0
364,SC_9046,1
365,MO_1316,1
366,TCGA-KC-A4BV,0
367,PR-09-2744,0
368,PROS01448-1115200-SM-5SGU4,1
369,P04-2666,0
370,AAPC-STID0000010902-Tumor-SM-2XU1E,0
371,TCGA-EJ-5501,0
372,PR-09-5446,0
373,04-149E2_LN,1
374,AAPC-STID0000012568-Tumor-SM-2XU1M,0
375,07-042H2_LN,1
376,SC_9043,1
377,AAPC-STID0000011640-Tumor-SM-2XU1H,0
378,TCGA-YL-A8SP,0
379,PRAD-6115390.0-SM-7LGUC,1
380,TCGA-EJ-AB27,0
381,TCGA-HC-7752,0
382,TCGA-V1-A8WS,0
383,TCGA-HI-7169,0
384,SC_9007,1
385,PRAD-01115349-SM-6VZ7M,1
386,SC_9011,1
387,TCGA-KC-A7F6,0
388,PROS11496-6115285-SM-6CNPX,1
389,AAPC-STID0000015908-Tumor-SM-2XU1U,0
390,AAPC-STID0000007540-Tumor-SM-2XU15,0
391,TCGA-2A-A8VX,0
392,TCGA-G9-7519,0
393,PROS12319B-SU2C-06115120-SM-4W2NF,1
394,MO_1105,1
395,PRAD-6115403.0-SM-7LGUQ,1
396,P05-3859,0
397,05-214BB2_BONE,1
398,TCGA-XK-AAJ3,0
399,TCGA-EJ-7785,0
400,PR-04-3222,0
401,PR-0415,0
402,TCGA-KK-A8IF,0
403,TCGA-WW-A8ZI,0
404,TP_2064,1
405,TCGA-YL-A8HK,0
406,PM158,1
407,TCGA-CH-5763,0
408,AAPC-IP_LG-043-Tumor-SM-3NC6F,0
409,TP_2077,1
410,02-083E1_LN,1
411,TCGA-V1-A9ZR,0
412,TCGA-HC-8266,0
413,SC_9006,1
414,TCGA-KK-A59Z,0
415,PROS01448-6115235-SM-67ERY,1
416,PROS10448-SUTC.01115090-SM-4JC6W,1
417,05-221MM1_BONE,1
418,MO_1337,1
419,SC_9091,1
420,TCGA-J9-A52D,0
421,PROS10448-SUTC.01115082-SM-4JC6B,1
422,PRAD-6115389.0-SM-7LGUB,1
423,PROS12319B-SU2C-06115123-SM-4W2NI,1
424,TCGA-EJ-A6RC,0
425,PM154,1
426,TCGA-G9-6496,0
427,P08-590,0
428,TCGA-EJ-A46B,0
429,PR-09-5245,0
430,TCGA-CH-5771,0
431,TCGA-MG-AAMC,0
432,P01-28,0
433,TCGA-EJ-7781,0
434,TCGA-G9-6353,0
435,TCGA-V1-A9OT,0
436,11040,1
437,TCGA-EJ-7791,0
438,AAPC-STID0000013409-Tumor-SM-2XU1R,0
439,TCGA-CH-5753,0
440,SC_9138,1
441,21016,0
442,TCGA-ZG-A9KY,0
443,TCGA-HC-7078,0
444,SC_9121,1
445,TCGA-J4-A6G1,0
446,TCGA-KK-A7B3,0
447,AAPC-IP_LG-061-Tumor-SM-3NC6X,0
448,AAPC-IP_LG-083-Tumor-SM-3NC7C,0
449,AAPC-STID0000021600-Tumor-SM-3RVWL,0
450,05-116F_LUNG,1
451,P07-360,0
452,TCGA-EJ-5496,0
453,PM2,1
454,TCGA-EJ-A7NK,0
455,21017,0
456,TCGA-HC-7740,0
457,TCGA-G9-6338,0
458,SC_9021,1
459,TCGA-KK-A8I6,0
460,PROS11496-6115319-SM-6CNQ3,1
461,PM14,1
462,TCGA-EJ-A7NH,0
463,PROS01448-1115161-SM-5SGU1,1
464,PROS01448-6115247-SM-67ES2,1
465,MO_1054,1
466,P03-2345,0
467,PR-2761,0
468,AAPC-STID0000021563-Tumor-SM-2XTYU,0
469,SC_9065,1
470,TCGA-ZG-A9L6,0
471,MO_1096,1
472,AAPC-STID0000021577-Tumor-SM-3RVWH,0
473,SC_9039,1
474,PRAD-6115397.0-SM-7LGUJ,1
475,SC_9150,1
476,TCGA-YL-A8SQ,0
477,TCGA-ZG-A9L1,0
478,SC_9071,1
479,01-087MM_BONE,1
480,7951,1
481,TCGA-ZG-A8QW,0
482,TCGA-EJ-8468,0
483,SC_9093,1
484,PM90,1
485,TCGA-YL-A8HM,0
486,TCGA-CH-5744,0
487,TCGA-HC-A8D0,0
488,TCGA-XK-AAIV,0
489,PROS01448-1115244-SM-5SGU6,1
490,SC_9024,1
491,PR-00-1823,0
492,TCGA-YL-A9WH,0
493,TCGA-ZG-A9L0,0
494,TCGA-2A-AAYU,0
495,TCGA-XA-A8JR,0
496,P05-2212,0
497,TCGA-KK-A8I5,0
498,TCGA-KK-A8IC,0
499,TCGA-HC-A8CY,0
500,TCGA-G9-6498,0
501,PR-09-3687,0
502,AAPC-IP_LG-059-Tumor-SM-3NC6V,0
503,TCGA-KK-A8IL,0
504,PR-02-2072,0
505,TCGA-ZG-A9NI,0
506,24852,1
507,TCGA-HC-7744,0
508,TCGA-J4-AAU2,0
509,P05-3436,0
510,SC_9060,1
511,TCGA-CH-5737,0
512,PROS01448-6115250-SM-67ES4,1
513,TCGA-KK-A8IG,0
514,SC_9010,1
515,TCGA-CH-5741,0
516,TCGA-J9-A8CM,0
517,PROS10448P28-SU2C.01115016-SM-42W9D,1
518,TCGA-EJ-5518,0
519,TCGA-EJ-8469,0
520,P04-47,0
521,TCGA-KK-A6E6,0
522,01-095N1_LN,1
523,P03-2620,0
524,AAPC-STID0000010901-Tumor-SM-2XU1D,0
525,TCGA-G9-6339,0
526,AAPC-STID0000011949-Tumor-SM-2XU1I,0
527,PROS01448-DFCI.10-448.P30-SM-5CQ4V,1
528,AAPC-IP_LG-031-Tumor-SM-3NC69,0
529,TCGA-V1-A9OA,0
530,SC_9153,1
531,TCGA-J4-8198,0
532,TCGA-EJ-A65J,0
533,TCGA-G9-A9S0,0
534,SC_9080,1
535,MO_1339,1
536,MO_1128,1
537,TCGA-KK-A6E5,0
538,AAPC-STID0000021551-Tumor-SM-2XTYN,0
539,PM161,1
540,P03-1426,0
541,TCGA-KK-A5A1,0
542,AAPC-STID0000021594-Tumor-SM-3RVWJ,0
543,TCGA-J4-A67R,0
544,05-217L3_LUNG,1
545,TCGA-KK-A8I9,0
546,TCGA-FC-A8O0,0
547,SC_9049,1
548,SC_9134,1
549,AAPC-IP_LG-051-Tumor-SM-3NC6N,0
550,TCGA-VN-A88O,0
551,PRAD-6115387.0-SM-7LGU9,1
552,TCGA-EJ-7789,0
553,TCGA-V1-A9Z8,0
554,TCGA-HC-A6AS,0
555,TCGA-V1-A9Z9,0
556,PR-2682,0
557,P09-1372,0
558,AAPC-STID0000021599-Tumor-SM-2XTZO,0
559,TCGA-KK-A8IA,0
560,AAPC-IP_LG-091-Tumor-SM-3NC7I,0
561,TCGA-FC-A66V,0
562,MO_1008,1
563,TCGA-XK-AAJA,0
564,TCGA-J9-A52B,0
565,21011,0
566,TCGA-KK-A7AY,0
567,TCGA-XK-AAK1,0
568,PRAD-01115284-SM-6WZF6,1
569,TCGA-G9-6499,0
570,SC_9128,1
571,TCGA-EJ-A7NF,0
572,TCGA-EJ-A7NM,0
573,PR-04-194,0
574,AAPC-STID0000011381-Tumor-SM-2XU1F,0
575,PRAD-DFCI.11-104.15-SM-3S2HH,1
576,MO_1162,1
577,TCGA-XQ-A8TB,0
578,TP_2020,1
579,PR-3023,0
580,MO_1219,1
