,id,response
0,TCGA-XQ-A8TB,0
1,TCGA-MG-AAMC,0
2,TCGA-HI-7168,0
3,TCGA-G9-6494,0
4,PROS01448-1115161-SM-5SGU1,1
5,TCGA-CH-5741,0
6,TCGA-J4-A67N,0
7,TCGA-EJ-A7NM,0
8,AAPC-STID0000007180-Tumor-SM-2XU14,0
9,MO_1262,1
10,TCGA-G9-6353,0
11,TCGA-EJ-A7NK,0
12,PROS10448-SUTC.01115081-SM-4JC6A,1
13,PRAD-STID18248-Tumor-SM-1RCU7,1
14,TCGA-HC-7233,0
15,TP_2032,1
16,TP_2077,1
17,TCGA-YL-A9WY,0
18,PR-04-3222,0
19,TCGA-YL-A8HL,0
20,TCGA-FC-A66V,0
21,05-148E3_LIVER,1
22,PRAD-6115403.0-SM-7LGUQ,1
23,SC_9124,1
24,PR-3026,0
25,TCGA-CH-5753,0
26,PR-2761,0
27,SC_9134,1
28,AAPC-STID0000021557-Tumor-SM-3RVWA,0
29,TCGA-J4-AAU2,0
30,SC_9091,1
31,TCGA-KK-A7AY,0
32,TCGA-EJ-7793,0
33,01-095N1_LN,1
34,TCGA-KK-A7AZ,0
35,AAPC-STID0000011949-Tumor-SM-2XU1I,0
36,TCGA-G9-6351,0
37,MO_1124,1
38,TCGA-EJ-5494,0
39,TCGA-G9-6370,0
40,MO_1447,1
41,TCGA-ZG-A9L6,0
42,TCGA-J9-A52D,0
43,MO_1094,1
44,TCGA-J9-A52C,0
45,AAPC-IP_LG-075-Tumor-SM-3NC76,0
46,12688,0
47,TCGA-G9-7525,0
48,TCGA-V1-A9OY,0
49,99-091J_LN,1
50,TCGA-KK-A6DY,0
51,TCGA-YL-A8SC,0
52,TCGA-HC-8264,0
53,TCGA-EJ-A65J,0
54,SC_9071,1
55,TCGA-V1-A9OQ,0
56,21510,0
57,PROS10448-SUTC.01115091-SM-4JC6Y,1
58,AAPC-STID0000021551-Tumor-SM-2XTYN,0
59,SC_9123,1
60,AAPC-IP_LG-053-Tumor-SM-3NC6P,0
61,TCGA-G9-7523,0
62,SC_9148,1
63,P09-1580,0
64,TCGA-YL-A8SH,0
65,TCGA-FC-7708,0
66,PROS01448-1115202-SM-5SGU5,1
67,AAPC-IP_LG-019-Tumor-SM-3NC61,0
68,PR-02-1899,0
69,TCGA-KK-A6E6,0
70,PR-01-2492,0
71,PR-00-1823,0
72,TCGA-ZG-A9L1,0
73,TCGA-EJ-A6RC,0
74,SC_9076,1
75,12-011I7_LN,1
76,21016,0
77,PRAD-6115383.0-SM-7LGU6,1
78,TCGA-HC-A632,0
79,PROS10448-1115126-SM-5EEBI,1
80,PRAD-6115400.0-SM-7LGUM,1
81,AAPC-IP_LG-059-Tumor-SM-3NC6V,0
82,TCGA-HC-7230,0
83,TCGA-G9-6363,0
84,TCGA-VN-A88R,0
85,TCGA-G9-A9S4,0
86,PR-00-160,0
87,P07-837,0
88,AAPC-STID0000021597-Tumor-SM-3RVWK,0
89,TCGA-V1-A9OA,0
90,TCGA-EJ-A8FU,0
91,AAPC-STID0000021608-Tumor-SM-3RVWO,0
92,MO_1316,1
93,TCGA-HC-7744,0
94,MO_1128,1
95,PR-2915,0
96,TCGA-KK-A6E8,0
97,TCGA-CH-5763,0
98,AAPC-STID0000010902-Tumor-SM-2XU1E,0
99,SC_9006,1
100,PROS10448-SUTC.01115090-SM-4JC6W,1
101,05-165O_ADRENAL,1
102,PROS01448-6115235-SM-67ERY,1
103,P05-3852,0
104,TCGA-EJ-7797,0
105,AAPC-STID0000003820-Tumor-SM-2XTZW,0
106,AAPC-STID0000021563-Tumor-SM-2XTYU,0
107,AAPC-IP_LG-033-Tumor-SM-3NC6B,0
108,TCGA-EJ-5503,0
109,TCGA-V1-A8MK,0
110,SC_9031,1
111,SC_9011,1
112,TCGA-G9-6336,0
113,TCGA-J4-A67S,0
114,MO_1339,1
115,SC_9128,1
116,MO_1084,1
117,AAPC-STID0000007540-Tumor-SM-2XU15,0
118,MO_1114,1
119,TCGA-ZG-A8QX,0
120,PRAD-6115389.0-SM-7LGUB,1
121,TCGA-VP-A875,0
122,03-139E3_RETROPERITONEAL,1
123,SC_9002,1
