,id,response
0,TCGA-EJ-5510,0
1,TCGA-EJ-5542,0
2,PROS10448-1115150-SM-5EEBK,1
3,TCGA-ZG-A9KY,0
4,05-217L3_LUNG,1
5,TCGA-XJ-A83F,0
6,PROS01448-6115224-SM-67ERT,1
7,AAPC-STID0000010902-Tumor-SM-2XU1E,0
8,PRAD-6115401.0-SM-7LGUO,1
9,PROS01448-6115235-SM-67ERY,1
10,AAPC-STID0000021595-Tumor-SM-2XTZK,0
11,AAPC-IP_LG-019-Tumor-SM-3NC61,0
12,MO_1184,1
13,PROS01448-6115227-SM-67ERU,1
14,TCGA-EJ-7218,0
15,MO_1215,1
16,TCGA-ZG-A9NI,0
17,TCGA-VN-A88R,0
18,PM161,1
19,SC_9073,1
20,10-013F1_LN,1
21,P07-837,0
22,TCGA-V1-A9O9,0
23,TCGA-EJ-7791,0
24,SC_9016,1
25,TCGA-J9-A8CK,0
26,AAPC-STID0000010901-Tumor-SM-2XU1D,0
27,MO_1105,1
28,P03-1426,0
29,21016,0
30,TCGA-HC-A632,0
31,TCGA-CH-5737,0
32,PR-06-1749,0
33,TCGA-CH-5741,0
34,TCGA-CH-5753,0
35,SC_9028,1
36,AAPC-STID0000009880-Tumor-SM-2XU19,0
37,TCGA-G9-A9S0,0
38,AAPC-IP_LG-061-Tumor-SM-3NC6X,0
39,TCGA-KK-A8IK,0
40,TCGA-KK-A6E4,0
41,P03-2345,0
42,TCGA-YL-A8SQ,0
43,05-165O_ADRENAL,1
44,26731,0
45,01-087MM_BONE,1
46,TCGA-G9-6338,0
47,TCGA-EJ-5503,0
48,SC_9031,1
49,TCGA-G9-6339,0
50,PRAD-01115284-SM-6WZF6,1
51,TCGA-EJ-A7NK,0
52,TCGA-XK-AAJR,0
53,AAPC-STID0000021598-Tumor-SM-2XTZN,0
54,TCGA-KK-A59X,0
55,TCGA-XK-AAJ3,0
56,TP_2032,1
57,TCGA-HC-8213,0
58,AAPC-STID0000021613-Tumor-SM-2XU1K,0
59,PROS12319B-SU2C-06115119-SM-4W2NE,1
60,SC_9021,1
61,P08-590,0
62,PROS01448-6115247-SM-67ES2,1
63,TCGA-G9-6347,0
64,SC_9138,1
65,TCGA-EJ-A46B,0
66,AAPC-STID0000021600-Tumor-SM-3RVWL,0
67,SC_9063,1
68,TCGA-EJ-7125,0
69,AAPC-STID0000021556-Tumor-SM-3RVW9,0
70,PROS01448-DFCI.10-448.P22-SM-5CQ5H,1
71,TCGA-YL-A8S9,0
72,03-192B_LUNG,1
73,11040,1
74,98-362B1_LN,1
75,P05-3859,0
76,PROS01448-DFCI.10-448.P20-SM-5CQ5F,1
77,05-221MM1_BONE,1
78,TCGA-ZG-A9L0,0
79,P04-1790,0
80,PR-3036,0
81,TCGA-EJ-5524,0
82,AAPC-STID0000011381-Tumor-SM-2XU1F,0
83,02-083E1_LN,1
84,TCGA-ZG-A9L1,0
85,TCGA-2A-A8VX,0
86,AAPC-STID0000007180-Tumor-SM-2XU14,0
87,PR-03-1026,0
88,TCGA-ZG-A9N3,0
89,TCGA-HC-7075,0
90,AAPC-STID0000021583-Tumor-SM-3RVWI,0
91,TCGA-EJ-5511,0
92,AAPC-STID0000011640-Tumor-SM-2XU1H,0
93,TCGA-EJ-A7NH,0
94,SC_9090,1
95,03-139E3_RETROPERITONEAL,1
96,PRAD-6115381.0-SM-7LGU3,1
97,P07-5036,0
98,PR-04-3222,0
99,PR-01-1934,0
100,AAPC-STID0000003820-Tumor-SM-2XTZW,0
101,TCGA-EJ-7785,0
102,TCGA-J4-8198,0
103,SC_9153,1
104,SC_9104,1
105,MO_1176,1
106,TCGA-G9-6354,0
107,PROS12319B-SU2C-06115115-SM-4W2NA,1
108,7951,1
109,TCGA-G9-7519,0
110,TCGA-HC-A6AS,0
111,PR-09-2744,0
112,TCGA-G9-6378,0
113,12688,0
114,TCGA-J9-A52C,0
115,TCGA-HI-7169,0
116,MO_1020,1
117,TCGA-V1-A9OQ,0
118,TCGA-G9-6353,0
119,SC_9140,1
120,SC_9109,1
121,PR-02-254,0
122,TCGA-FC-A5OB,0
123,TCGA-G9-6367,0
124,SC_9099,1
125,TCGA-KK-A6E6,0
126,TCGA-ZG-A9LZ,0
127,SI_9157,1
128,TCGA-CH-5743,0
129,AAPC-STID0000021537-Tumor-SM-3RVW7,0
130,TCGA-J4-A67N,0
131,PRAD-6115383.0-SM-7LGU6,1
132,TCGA-HC-A8CY,0
133,PRAD-DFCI.11-104.15-SM-3S2HH,1
134,SC_9019,1
135,TCGA-YL-A8HK,0
136,SC_9049,1
137,SC_9011,1
138,SC_9076,1
139,PRAD-6115398.0-SM-7LGUK,1
140,TCGA-HC-7230,0
141,TCGA-V1-A9OA,0
142,TCGA-ZG-A9L5,0
143,AAPC-STID0000002869-Tumor-SM-2XU51,0
144,AAPC-STID0000011580-Tumor-SM-2XU1G,0
145,AAPC-STID0000021586-Tumor-SM-2XU24,0
146,PM124,1
147,PRAD-6115402.0-SM-7LGUP,1
148,MO_1232,1
149,SC_9080,1
150,PROS01448-6115234-SM-67ERX,1
151,TP_2077,1
152,AAPC-STID0000021605-Tumor-SM-3RVWN,0
153,PM154,1
154,SC_9092,1
155,AAPC-STID0000021602-Tumor-SM-2XTZR,0
156,MO_1128,1
157,TCGA-KK-A7AY,0
158,TCGA-XK-AAIV,0
159,AAPC-STID0000021577-Tumor-SM-3RVWH,0
160,SC_9094,1
161,TCGA-VN-A88O,0
162,TCGA-XJ-A9DQ,0
163,P05-3852,0
164,TCGA-EJ-5519,0
165,TCGA-HC-7209,0
166,PROS01448-6115250-SM-67ES4,1
167,TCGA-HC-7752,0
168,AAPC-IP_LG-059-Tumor-SM-3NC6V,0
169,PR-04-639,0
170,SC_9134,1
171,TCGA-KK-A8IG,0
172,AAPC-STID0000021593-Tumor-SM-2XTZH,0
173,P02-2035,0
174,AAPC-STID0000021534-Tumor-SM-2XTYJ,0
175,TCGA-KK-A8I6,0
176,AAPC-IP_LG-043-Tumor-SM-3NC6F,0
177,TCGA-ZG-A8QY,0
178,TCGA-CH-5764,0
179,P09-120,0
180,TCGA-KK-A8IC,0
181,TCGA-KC-A7FA,0
182,PR-09-5702,0
183,TCGA-V1-A8WS,0
184,TCGA-KK-A6DY,0
185,TCGA-XK-AAK1,0
186,AAPC-STID0000021599-Tumor-SM-2XTZO,0
187,PR-2915,0
188,PR-09-3421,0
189,AAPC-STID0000012110-Tumor-SM-2XU1J,0
190,TCGA-EJ-A65F,0
191,MO_1094,1
192,AAPC-STID0000011949-Tumor-SM-2XU1I,0
193,PROS01448-1115161-SM-5SGU1,1
194,AAPC-IP_LG-021-Tumor-SM-3NC63,0
195,TCGA-KK-A6E5,0
196,PM156,1
197,TCGA-HC-7737,0
198,AAPC-IP_LG-033-Tumor-SM-3NC6B,0
199,SC_9024,1
200,TCGA-SU-A7E7,0
201,TCGA-2A-AAYU,0
202,12-011I7_LN,1
203,PR-04-194,0
204,TCGA-YL-A9WH,0
205,PROS01448-DFCI.10-448.P38-SM-5CQ52,1
206,TCGA-XJ-A83G,0
207,TCGA-G9-6371,0
208,TCGA-J9-A8CM,0
209,TCGA-EJ-7781,0
210,TCGA-G9-6494,0
211,SC_9058,1
212,TCGA-J4-A6G1,0
213,TCGA-YL-A8SF,0
214,TCGA-M7-A71Z,0
215,PROS12319B-SU2C-06115121-SM-4W2NG,1
216,TCGA-YL-A9WK,0
217,TCGA-YL-A8HL,0
218,AAPC-STID0000021557-Tumor-SM-3RVWA,0
219,MO_1447,1
220,TCGA-HC-7078,0
221,AAPC-STID0000021574-Tumor-SM-3RVWF,0
222,PRAD-01115264-SM-6WZFA,1
223,SC_9026,1
224,AAPC-IP_LG-085-Tumor-SM-3NC7E,0
225,99-064O_LN,1
226,TCGA-CH-5794,0
227,MO_1277,1
228,TCGA-KK-A5A1,0
229,PROS12319B-SU2C-06115120-SM-4W2NF,1
230,TCGA-G9-6370,0
231,PROS10448-SUTC.01115091-SM-4JC6Y,1
232,TCGA-EJ-5508,0
233,PROS12319B-SU2C-06115122-SM-4W2NH,1
234,AAPC-STID0000010880-Tumor-SM-2XU1C,0
235,AAPC-IP_LG-053-Tumor-SM-3NC6P,0
236,PROS10448-1115126-SM-5EEBI,1
237,MO_1179,1
238,PR-09-3566,0
239,SC_9002,1
240,TCGA-EJ-AB27,0
241,TCGA-G9-6343,0
242,SC_9142,1
243,PROS01448-DFCI.10-448.P15-SM-5CQ5D,1
244,TCGA-G9-6385,0
245,TCGA-G9-6498,0
246,TCGA-KK-A59Z,0
247,TCGA-HC-A631,0
248,PR-0415,0
249,TCGA-YL-A8HJ,0
250,24852,1
251,TCGA-V1-A9O7,0
252,PR-04-903,0
253,AAPC-IP_LG-037-Tumor-SM-3NC6D,0
254,TCGA-KC-A4BL,0
255,AAPC-STID0000021584-Tumor-SM-2XTZ6,0
256,PROS01448-DFCI.10-448.P30-SM-5CQ4V,1
257,TCGA-FC-7961,0
258,TCGA-V1-A9ZG,0
259,AAPC-STID0000020209-Tumor-SM-2XU21,0
260,MO_1421,1
261,TCGA-HC-8264,0
262,SC_9043,1
263,MO_1084,1
264,TCGA-XK-AAJT,0
265,TCGA-CH-5766,0
266,AAPC-STID0000021597-Tumor-SM-3RVWK,0
267,PRAD-6115387.0-SM-7LGU9,1
268,TCGA-4L-AA1F,0
269,05-148E3_LIVER,1
270,P04-1243,0
271,MO_1096,1
272,MO_1040,1
273,PR-3127,0
274,SC_9085,1
275,SC_9030,1
276,AAPC-STID0000021563-Tumor-SM-2XTYU,0
277,TCGA-XK-AAIW,0
278,PM15,1
279,TCGA-G9-6351,0
280,PROS11496-6115323-SM-6CNQ8,1
281,P02-1562,0
282,05-116F_LUNG,1
283,22171,0
284,PRAD-6115385.0-SM-7LGU7,1
285,TCGA-HC-A76X,0
286,P06-1696,0
287,PR-05-3595,0
288,TCGA-J4-AATZ,0
289,SC_9141,1
290,SC_9150,1
291,P06-3676,0
292,P05-2212,0
293,TCGA-EJ-AB20,0
294,TCGA-KK-A8IH,0
295,PM163,1
296,AAPC-IP_LG-067-Tumor-SM-3NC6Z,0
297,TCGA-KK-A59V,0
298,AAPC-IP_LG-079-Tumor-SM-3NC7A,0
299,TCGA-EJ-7784,0
300,TCGA-G9-6496,0
301,PM121,1
302,TCGA-CH-5789,0
303,08-093J1_LN,1
304,08-037F1_LIVER,1
305,PROS10448-1115157-SM-5EEBO,1
306,TCGA-YL-A8SA,0
307,MO_1008,1
308,PM14,1
309,TCGA-EJ-5509,0
310,P09-1580,0
311,SC_9025,1
312,TCGA-ZG-A9LY,0
313,TCGA-CH-5745,0
314,TCGA-HC-A6AL,0
315,SC_9091,1
316,TCGA-KK-A7B1,0
317,PRAD-6115389.0-SM-7LGUB,1
318,MO_1074,1
319,PR-05-839,0
320,TCGA-EJ-A6RA,0
321,TCGA-HC-7079,0
322,AAPC-STID0000012568-Tumor-SM-2XU1M,0
323,SC_9148,1
324,PR-02-1736,0
325,MO_1162,1
326,SC_9071,1
327,P09-1372,0
328,P09-2497,0
329,TCGA-FC-7708,0
330,TCGA-XQ-A8TB,0
331,TCGA-J4-A67R,0
332,TCGA-ZG-A9L2,0
333,PROS01448-1115244-SM-5SGU6,1
334,P01-28,0
335,AAPC-STID0000021550-Tumor-SM-2XTYM,0
336,TCGA-ZG-A9LN,0
337,TCGA-HC-A76W,0
338,TCGA-HC-A8D1,0
339,TP_2001,1
340,TP_2010,1
341,TCGA-EJ-A65J,0
342,TCGA-KK-A7B2,0
343,P05-3436,0
344,TCGA-EJ-7786,0
345,MO_1012,1
346,PROS11496-6115288-SM-6CNQ1,1
347,TCGA-VP-A872,0
348,TCGA-KK-A8I7,0
349,TCGA-YL-A9WL,0
350,01-095N1_LN,1
351,SC_9068,1
352,TCGA-HC-A6HX,0
353,TCGA-KC-A7F6,0
354,P07-360,0
355,21011,0
356,TCGA-EJ-A7NM,0
357,PR-00-1823,0
358,PROS10448P28-SU2C.01115016-SM-42W9D,1
359,TCGA-X4-A8KQ,0
360,P03-3391,0
361,TCGA-ZG-A9L9,0
362,PROS10448-SUTC.01115081-SM-4JC6A,1
363,MO_1262,1
364,MO_1249,1
365,PM2,1
366,PRAD-6115390.0-SM-7LGUC,1
367,PM119,1
368,SC_9136,1
369,MO_1124,1
370,SC_9084,1
371,TCGA-XJ-A9DX,0
372,12-021H4_LIVER,1
373,PRAD-01115257-SM-6WZF8,1
374,TCGA-2A-A8W3,0
375,TCGA-EJ-5496,0
376,PROS01448-1115202-SM-5SGU5,1
377,TCGA-HC-7233,0
378,AAPC-STID0000006860-Tumor-SM-2XU12,0
379,AAPC-IP_LG-031-Tumor-SM-3NC69,0
380,PR-3048,0
381,TCGA-EJ-7797,0
382,TCGA-EJ-5530,0
383,TCGA-KK-A7B0,0
384,TCGA-V1-A9Z7,0
385,TCGA-G9-7523,0
386,TCGA-KK-A6E8,0
387,TCGA-J4-A67S,0
388,21017,0
389,TCGA-CH-5763,0
390,TCGA-M7-A720,0
391,TCGA-J9-A8CN,0
392,TCGA-CH-5739,0
393,SC_9165,1
394,SC_9172,1
395,SC_9023,1
396,AAPC-STID0000007540-Tumor-SM-2XU15,0
397,PR-3023,0
398,TCGA-HC-A4ZV,0
399,10362,0
400,TP_2064,1
401,TCGA-KK-A59Y,0
402,PR-02-1899,0
403,TCGA-EJ-5527,0
404,TCGA-ZG-A9LM,0
405,TCGA-MG-AAMC,0
406,TCGA-KK-A8IA,0
407,SC_9007,1
408,PROS11496-6115320-SM-6CNQ4,1
409,TCGA-HC-7211,0
410,AAPC-IP_LG-051-Tumor-SM-3NC6N,0
411,TCGA-CH-5746,0
412,TCGA-KC-A4BN,0
413,P04-2666,0
414,TCGA-XQ-A8TA,0
415,TCGA-KK-A7B3,0
416,TCGA-EJ-A8FP,0
417,PR-2740,0
418,PROS10448-1115154-SM-5EEBM,1
419,AAPC-IP_LG-075-Tumor-SM-3NC76,0
420,TCGA-G9-6366,0
421,AAPC-IP_LG-049-Tumor-SM-3NC6L,0
422,TCGA-KK-A6E0,0
423,TCGA-EJ-A7NF,0
424,SC_9124,1
425,PROS10448-SUTC.01115092-SM-4JC74,1
426,TCGA-EJ-7792,0
427,TCGA-EJ-A65E,0
428,TCGA-ZG-A9L6,0
429,TCGA-CH-5750,0
430,AAPC-STID0000021594-Tumor-SM-3RVWJ,0
431,TCGA-FC-A8O0,0
432,TCGA-KK-A6E7,0
433,TCGA-J4-A67M,0
434,PR-3034,0
435,TCGA-V1-A8MM,0
436,TCGA-EJ-5518,0
437,P03-871,0
438,TCGA-J9-A52B,0
439,PROS12319B-SU2C-06115114-SM-4W2N9,1
440,TCGA-CH-5792,0
441,TCGA-V1-A8MK,0
442,TCGA-EJ-5522,0
443,SC_9010,1
444,PR-01-2554,0
445,MO_1339,1
446,TCGA-V1-A9Z9,0
447,PRAD-01115343-SM-6VZ7N,1
448,SC_9088,1
449,SC_9006,1
450,PRAD-6115386.0-SM-7LGU8,1
451,TCGA-EJ-A46I,0
452,TCGA-HC-8266,0
453,TCGA-YL-A8SK,0
454,AAPC-STID0000019028-Tumor-SM-2XU1X,0
455,TCGA-EJ-5498,0
456,PRAD-STID18248-Tumor-SM-1RCU7,1
457,MO_1014,1
458,AAPC-IP_LG-091-Tumor-SM-3NC7I,0
459,PROS12319B-SU2C-06115123-SM-4W2NI,1
460,TCGA-EJ-A65D,0
461,TCGA-XA-A8JR,0
462,PROS10448-SUTC.01115082-SM-4JC6B,1
463,TCGA-KK-A8I9,0
464,SC_9061,1
465,SC_9121,1
466,TCGA-FC-A6HD,0
467,21510,0
468,TCGA-J4-AATV,0
469,07-042H2_LN,1
470,TCGA-ZG-A9LS,0
471,TCGA-HC-7212,0
472,TCGA-VP-A875,0
473,TCGA-HI-7168,0
474,PROS11496-6115236-SM-6CNPW,1
475,TCGA-EJ-7328,0
476,MO_1316,1
477,SC_9129,1
478,TCGA-YL-A8SL,0
479,TCGA-EJ-5517,0
480,TCGA-KC-A4BR,0
481,PR-02-1082,0
482,TCGA-HC-7081,0
483,TCGA-HC-8216,0
484,MO_1130,1
485,TCGA-H9-7775,0
486,SC_9128,1
487,TCGA-ZG-A9LB,0
488,TCGA-G9-7525,0
489,P06-1125,0
490,09-006F1_RENAL,1
491,TCGA-EJ-5501,0
492,PROS01448-DFCI.10-448.P40-SM-5CQ53,1
493,AAPC-STID0000008920-Tumor-SM-2XU17,0
494,TCGA-G9-6333,0
495,TCGA-KC-A4BV,0
496,TCGA-V1-A9OT,0
497,TCGA-J4-8200,0
498,03-163S4_LIVER,1
499,PR-2682,0
500,AAPC-STID0000010200-Tumor-SM-2XU1A,0
501,TCGA-G9-A9S4,0
502,TCGA-V1-A9Z8,0
503,TCGA-CH-5754,0
504,SC_9163,1
505,TCGA-HC-7232,0
506,SC_9151,1
507,99-091J_LN,1
508,TCGA-G9-7510,0
509,TCGA-HC-7747,0
510,PR-09-5630,0
511,TCGA-HC-7745,0
512,PM90,1
513,TCGA-VN-A943,0
514,TCGA-YL-A9WJ,0
515,PR-09-5446,0
516,99-090A2_LIVER,1
517,PR-09-5245,0
518,PRAD-6115394.0-SM-7LGUG,1
519,TCGA-G9-6363,0
520,TCGA-G9-6499,0
521,AAPC-STID0000015908-Tumor-SM-2XU1U,0
522,TCGA-HC-A8D0,0
523,PR-09-3687,0
524,SC_9123,1
525,TCGA-G9-6336,0
526,TCGA-CH-5771,0
527,PROS01448-1115200-SM-5SGU4,1
528,PROS10448-SUTC.01115090-SM-4JC6W,1
529,AAPC-STID0000021608-Tumor-SM-3RVWO,0
530,PR-04-3347,0
531,04-149E2_LN,1
532,MO_1114,1
533,TCGA-KK-A8I5,0
534,TCGA-VP-AA1N,0
535,PR-0099,0
536,AAPC-IP_LG-083-Tumor-SM-3NC7C,0
537,P03-1334,0
538,TCGA-HC-7740,0
539,TCGA-KK-A7AZ,0
540,PM155,1
541,PRAD-STID7520-Tumor-SM-2RXM6,0
542,TCGA-ZG-A8QX,0
543,PRAD-6115403.0-SM-7LGUQ,1
544,TCGA-HC-A6AQ,0
545,TCGA-J9-A52D,0
546,TCGA-G9-6348,0
547,MO_1337,1
548,10363,0
549,AAPC-STID0000001044-Tumor-SM-2XU23,0
550,PR-09-5094,0
551,TCGA-EJ-A8FU,0
552,TCGA-HC-7213,0
553,PROS12319B-SU2C-06115118-SM-4W2ND,1
554,TCGA-WW-A8ZI,0
555,PROS11496-6115285-SM-6CNPX,1
556,TCGA-XK-AAIR,0
557,PROS11496-6115286-SM-6CNPY,1
558,TCGA-EJ-5494,0
559,SC_9046,1
560,TCGA-YL-A9WY,0
561,AAPC-IP_LG-045-Tumor-SM-3NC6H,0
562,MO_1460,1
563,TCGA-EJ-A6RC,0
564,TCGA-HC-7744,0
565,TCGA-KK-A8IF,0
566,TCGA-FC-A66V,0
567,TP_2020,1
568,20870,1
569,TCGA-EJ-8468,0
570,SC_9029,1
571,P04-47,0
572,PROS11496-6115319-SM-6CNQ3,1
573,SC_9093,1
574,SC_9036,1
575,TCGA-G9-6342,0
576,SC_9114,1
577,P09-649,0
578,TCGA-CH-5748,0
579,TCGA-HC-7819,0
580,TCGA-EJ-5512,0
581,TCGA-XK-AAJA,0
582,TCGA-KK-A8IL,0
583,PR-00-160,0
584,AAPC-STID0000021551-Tumor-SM-2XTYN,0
585,AAPC-STID0000021573-Tumor-SM-2XTYZ,0
586,TCGA-YL-A8SC,0
587,AAPC-IP_LG-057-Tumor-SM-3NC6T,0
588,MO_1219,1
589,00-029N9_LN,1
590,PRAD-6115397.0-SM-7LGUJ,1
591,AAPC-STID0000021530-Tumor-SM-3RVW4,0
592,TCGA-CH-5769,0
593,PR-2761,0
594,TCGA-HC-7821,0
595,TCGA-EJ-5531,0
596,TCGA-KK-A7AU,0
597,PM158,1
598,PRAD-01115349-SM-6VZ7M,1
599,TCGA-CH-5744,0
600,TCGA-ZG-A8QW,0
601,TCGA-YL-A8SH,0
602,PR-3026,0
603,TCGA-EJ-5502,0
604,PR-01-2492,0
605,SC_9017,1
606,TCGA-EJ-8474,0
607,TCGA-V1-A9OY,0
608,TCGA-J4-AAU2,0
609,TCGA-QU-A6IN,0
610,PR-02-2072,0
611,TCGA-YL-A8SP,0
612,TCGA-CH-5752,0
613,SC_9065,1
614,SC_9039,1
615,MO_1054,1
616,P07-144,0
617,PROS10448-SUTC.01115085-SM-4JC6J,1
618,TCGA-EJ-7783,0
619,TCGA-HC-7750,0
620,05-214BB2_BONE,1
621,SC_9040,1
622,TCGA-XJ-A9DI,0
623,P03-2620,0
624,MO_1095,1
625,TCGA-G9-6361,0
626,TCGA-H9-A6BY,0
627,AAPC-STID0000021604-Tumor-SM-2XTZU,0
628,AAPC-STID0000013409-Tumor-SM-2XU1R,0
629,TCGA-YL-A9WI,0
630,TCGA-KK-A8IM,0
631,SC_9022,1
632,SC_9097,1
633,AAPC-IP_LG-073-Tumor-SM-3NC74,0
634,12729,0
635,SC_9173,1
636,TCGA-KC-A4BO,0
637,TCGA-EJ-7793,0
638,PROS11496-6115295-SM-6CNQ7,1
639,TCGA-EJ-8469,0
640,TCGA-YL-A8HM,0
641,TCGA-CH-5761,0
642,SC_9079,1
643,SC_9060,1
644,MO_1118,1
645,PRAD-6115400.0-SM-7LGUM,1
646,TCGA-EJ-7789,0
647,TCGA-EJ-A46F,0
648,TCGA-V1-A9ZR,0
