,id,response
0,AAPC-STID0000021557-Tumor-SM-3RVWA,0
1,TCGA-G9-6367,0
2,TCGA-MG-AAMC,0
3,SC_9006,1
4,PRAD-STID7520-Tumor-SM-2RXM6,0
5,99-091J_LN,1
6,MO_1262,1
7,TCGA-G9-6353,0
8,AAPC-IP_LG-075-Tumor-SM-3NC76,0
9,PR-02-1082,0
10,SC_9092,1
11,AAPC-STID0000021551-Tumor-SM-2XTYN,0
12,TCGA-KK-A6E8,0
13,TCGA-HC-8264,0
14,TCGA-VP-A875,0
15,TCGA-YL-A8SC,0
16,12688,0
17,PM158,1
18,TCGA-G9-6371,0
19,TCGA-HC-7233,0
20,SC_9071,1
21,TCGA-EJ-5503,0
22,TCGA-J9-A52C,0
23,AAPC-STID0000010902-Tumor-SM-2XU1E,0
24,AAPC-IP_LG-061-Tumor-SM-3NC6X,0
25,TCGA-G9-6370,0
26,SC_9123,1
27,TCGA-YL-A8HL,0
28,TCGA-EJ-5519,0
29,TCGA-J4-A67S,0
30,TCGA-HC-7744,0
31,SC_9109,1
32,AAPC-STID0000011949-Tumor-SM-2XU1I,0
33,SC_9153,1
34,TP_2077,1
35,03-139E3_RETROPERITONEAL,1
36,TCGA-CH-5744,0
37,TCGA-FC-A8O0,0
38,PRAD-6115389.0-SM-7LGUB,1
39,05-165O_ADRENAL,1
40,SC_9076,1
41,TCGA-EJ-A7NK,0
42,PRAD-6115397.0-SM-7LGUJ,1
43,TCGA-EJ-5494,0
44,AAPC-IP_LG-059-Tumor-SM-3NC6V,0
45,PRAD-6115400.0-SM-7LGUM,1
46,TCGA-G9-A9S4,0
47,TCGA-EJ-7797,0
48,SC_9124,1
49,AAPC-STID0000020209-Tumor-SM-2XU21,0
50,PROS10448-SUTC.01115090-SM-4JC6W,1
51,MO_1094,1
52,TCGA-FC-A66V,0
53,SC_9031,1
54,TCGA-YL-A9WY,0
55,PR-04-903,0
56,MO_1124,1
57,PM90,1
58,TCGA-XK-AAIV,0
59,TCGA-HC-8216,0
60,MO_1128,1
61,PR-00-1823,0
62,AAPC-STID0000021608-Tumor-SM-3RVWO,0
63,TCGA-XQ-A8TB,0
64,TCGA-J4-A67N,0
65,TCGA-KK-A6E5,0
66,P05-3852,0
67,PRAD-6115403.0-SM-7LGUQ,1
68,TCGA-EJ-A7NM,0
69,P09-1580,0
70,TCGA-HC-7230,0
71,TCGA-XA-A8JR,0
72,TCGA-V1-A8MM,0
73,MO_1277,1
74,TCGA-KK-A7AZ,0
75,TCGA-G9-6363,0
76,MO_1040,1
77,AAPC-IP_LG-053-Tumor-SM-3NC6P,0
78,SC_9104,1
79,TCGA-KK-A59Z,0
80,TCGA-EJ-A65D,0
81,SC_9063,1
82,TCGA-ZG-A9L6,0
83,TCGA-V1-A9OA,0
84,PRAD-6115383.0-SM-7LGU6,1
85,12-011I7_LN,1
86,TCGA-V1-A9OQ,0
87,TCGA-CH-5741,0
88,AAPC-IP_LG-019-Tumor-SM-3NC61,0
89,TCGA-V1-A9OY,0
90,PR-04-194,0
91,PROS01448-DFCI.10-448.P30-SM-5CQ4V,1
92,PM121,1
93,TCGA-HC-7747,0
94,SC_9040,1
95,AAPC-STID0000021597-Tumor-SM-3RVWK,0
96,TCGA-KK-A6DY,0
97,PR-01-2492,0
98,P06-1125,0
99,PR-02-1899,0
100,PROS10448-SUTC.01115082-SM-4JC6B,1
101,TCGA-ZG-A9L1,0
102,TCGA-EJ-A8FU,0
103,TCGA-EJ-5517,0
104,TCGA-G9-7523,0
105,TCGA-J9-A52D,0
106,TCGA-HC-A632,0
107,TCGA-YL-A8SH,0
108,MO_1460,1
109,SC_9091,1
110,PROS10448-SUTC.01115091-SM-4JC6Y,1
111,TCGA-XK-AAIR,0
112,MO_1084,1
113,TCGA-ZG-A8QX,0
114,TCGA-VN-A88R,0
115,PM14,1
116,MO_1114,1
117,TCGA-G9-6494,0
118,05-148E3_LIVER,1
119,PR-00-160,0
120,TCGA-CH-5750,0
121,PROS01448-1115161-SM-5SGU1,1
122,AAPC-STID0000007540-Tumor-SM-2XU15,0
123,TCGA-EJ-5509,0
124,TCGA-G9-6336,0
125,TCGA-XJ-A9DX,0
126,TCGA-G9-7525,0
127,AAPC-STID0000008920-Tumor-SM-2XU17,0
128,TCGA-KK-A6E6,0
129,P04-1790,0
130,MO_1447,1
131,PR-3026,0
132,TCGA-EJ-A6RC,0
133,AAPC-STID0000003820-Tumor-SM-2XTZW,0
134,TCGA-V1-A8MK,0
135,PROS01448-6115235-SM-67ERY,1
136,TCGA-EJ-7793,0
137,AAPC-IP_LG-051-Tumor-SM-3NC6N,0
138,PROS01448-1115202-SM-5SGU5,1
139,AAPC-STID0000021563-Tumor-SM-2XTYU,0
140,TP_2032,1
141,TCGA-G9-6351,0
142,TCGA-EJ-A65J,0
143,TCGA-J4-AAU2,0
144,TCGA-KK-A7AY,0
145,MO_1316,1
146,PROS10448-1115126-SM-5EEBI,1
147,P07-837,0
148,TCGA-V1-A9Z9,0
149,21510,0
150,TCGA-YL-A8HK,0
151,PROS10448-SUTC.01115081-SM-4JC6A,1
152,PR-2915,0
153,SC_9011,1
154,SC_9148,1
155,21016,0
156,MO_1339,1
157,PR-04-3222,0
158,PR-2761,0
159,SC_9002,1
160,TCGA-FC-7961,0
161,TCGA-HI-7168,0
162,TCGA-CH-5753,0
163,01-095N1_LN,1
164,AAPC-STID0000007180-Tumor-SM-2XU14,0
165,TCGA-FC-7708,0
166,TCGA-V1-A9Z8,0
167,SC_9128,1
168,TCGA-CH-5764,0
169,AAPC-IP_LG-033-Tumor-SM-3NC6B,0
170,TCGA-CH-5763,0
171,PRAD-STID18248-Tumor-SM-1RCU7,1
172,SC_9134,1
