,id,response
0,AAPC-STID0000021563-Tumor-SM-2XTYU,0
1,SC_9076,1
2,PRAD-6115383.0-SM-7LGU6,1
3,TCGA-M7-A71Z,0
4,TCGA-KK-A6E6,0
5,PRAD-6115381.0-SM-7LGU3,1
6,AAPC-STID0000021608-Tumor-SM-3RVWO,0
7,TCGA-HC-7747,0
8,TCGA-KK-A59Y,0
9,P07-837,0
10,00-029N9_LN,1
11,PROS01448-6115235-SM-67ERY,1
12,SC_9010,1
13,MO_1012,1
14,TCGA-EJ-7783,0
15,03-139E3_RETROPERITONEAL,1
16,99-064O_LN,1
17,MO_1130,1
18,TCGA-FC-7961,0
19,05-148E3_LIVER,1
20,03-163S4_LIVER,1
21,TCGA-V1-A8MK,0
22,TCGA-V1-A9OY,0
23,AAPC-STID0000021598-Tumor-SM-2XTZN,0
24,PROS10448-SUTC.01115091-SM-4JC6Y,1
25,P04-1790,0
26,TCGA-X4-A8KQ,0
27,TCGA-EJ-5531,0
28,TCGA-EJ-8468,0
29,TCGA-HI-7168,0
30,TCGA-KK-A7B3,0
31,AAPC-STID0000020209-Tumor-SM-2XU21,0
32,TCGA-EJ-A65F,0
33,TCGA-HC-8213,0
34,TCGA-EJ-A6RC,0
35,MO_1339,1
36,TCGA-HC-7230,0
37,PROS10448-1115126-SM-5EEBI,1
38,TCGA-KC-A4BL,0
39,TCGA-FC-A8O0,0
40,PR-01-2554,0
41,21017,0
42,TCGA-ZG-A9LM,0
43,TCGA-M7-A720,0
44,TCGA-YL-A8HM,0
45,TCGA-EJ-5517,0
46,SC_9043,1
47,PR-02-1082,0
48,AAPC-STID0000021586-Tumor-SM-2XU24,0
49,TCGA-XJ-A9DQ,0
50,TCGA-HC-A8CY,0
51,TCGA-CH-5763,0
52,PR-02-2072,0
53,TCGA-EJ-8469,0
54,PROS10448P28-SU2C.01115016-SM-42W9D,1
55,PROS12319B-SU2C-06115122-SM-4W2NH,1
56,AAPC-IP_LG-091-Tumor-SM-3NC7I,0
57,TCGA-EJ-7792,0
58,MO_1114,1
59,PROS01448-6115250-SM-67ES4,1
60,TCGA-YL-A8HL,0
61,TCGA-V1-A9OQ,0
62,PR-3026,0
63,MO_1105,1
64,SC_9031,1
65,PR-3034,0
66,PROS12319B-SU2C-06115123-SM-4W2NI,1
67,PRAD-6115400.0-SM-7LGUM,1
68,PR-02-254,0
69,TCGA-KK-A5A1,0
70,TCGA-XK-AAIR,0
71,TCGA-HC-7081,0
72,TCGA-YL-A9WJ,0
73,PM124,1
74,PROS11496-6115320-SM-6CNQ4,1
75,TCGA-FC-7708,0
76,PR-09-5446,0
77,SC_9109,1
78,PM119,1
79,SC_9085,1
80,SC_9128,1
81,TCGA-HC-8216,0
82,TCGA-EJ-7784,0
83,TCGA-V1-A9O9,0
84,AAPC-STID0000003820-Tumor-SM-2XTZW,0
85,TCGA-EJ-7793,0
86,TCGA-HC-A631,0
87,TCGA-CH-5750,0
88,TCGA-XK-AAJA,0
89,TCGA-V1-A9OA,0
90,TCGA-XJ-A9DI,0
91,SC_9040,1
92,PR-01-2492,0
93,PROS12319B-SU2C-06115114-SM-4W2N9,1
94,SC_9063,1
95,12729,0
96,PR-02-1899,0
97,MO_1460,1
98,SC_9091,1
99,AAPC-STID0000021551-Tumor-SM-2XTYN,0
100,TCGA-KK-A7AY,0
101,AAPC-IP_LG-061-Tumor-SM-3NC6X,0
102,TCGA-G9-6363,0
103,TCGA-J9-A52C,0
104,TCGA-HC-8266,0
105,AAPC-IP_LG-067-Tumor-SM-3NC6Z,0
106,AAPC-STID0000010902-Tumor-SM-2XU1E,0
107,MO_1020,1
108,TCGA-KK-A6E5,0
109,PROS01448-DFCI.10-448.P22-SM-5CQ5H,1
110,TCGA-G9-6496,0
111,TCGA-KK-A6E8,0
112,MO_1040,1
113,TCGA-ZG-A9L1,0
114,P05-3859,0
115,SC_9060,1
116,SC_9104,1
117,MO_1094,1
118,TCGA-HC-8264,0
119,TCGA-J4-AATZ,0
120,TCGA-HC-A6HX,0
121,PROS10448-SUTC.01115085-SM-4JC6J,1
122,05-116F_LUNG,1
123,AAPC-IP_LG-031-Tumor-SM-3NC69,0
124,TCGA-EJ-A65D,0
125,TCGA-HC-7232,0
126,SC_9099,1
127,TCGA-KC-A4BV,0
128,TCGA-XJ-A83G,0
129,TCGA-VP-A872,0
130,TCGA-EJ-A7NH,0
131,TCGA-G9-7523,0
132,AAPC-IP_LG-059-Tumor-SM-3NC6V,0
133,TCGA-KK-A7B2,0
134,PROS10448-SUTC.01115090-SM-4JC6W,1
135,P06-1125,0
136,TCGA-4L-AA1F,0
137,PRAD-01115257-SM-6WZF8,1
138,PM156,1
139,TCGA-KK-A7AZ,0
140,TCGA-HC-A6AQ,0
141,TCGA-XJ-A9DX,0
142,PRAD-6115398.0-SM-7LGUK,1
143,PM163,1
144,05-221MM1_BONE,1
145,P06-1696,0
146,SC_9173,1
147,AAPC-STID0000021583-Tumor-SM-3RVWI,0
148,TCGA-G9-6351,0
149,TCGA-VN-A943,0
150,MO_1084,1
151,P03-2345,0
152,P07-360,0
153,08-093J1_LN,1
154,MO_1316,1
155,TCGA-KK-A8IL,0
156,P09-120,0
157,SC_9093,1
158,PR-01-1934,0
159,21016,0
160,TCGA-HC-7744,0
161,TCGA-YL-A9WY,0
162,AAPC-IP_LG-033-Tumor-SM-3NC6B,0
163,PRAD-STID7520-Tumor-SM-2RXM6,0
164,AAPC-STID0000021593-Tumor-SM-2XTZH,0
165,TCGA-EJ-5518,0
166,TCGA-V1-A9O7,0
167,TCGA-EJ-A8FU,0
168,TCGA-EJ-5509,0
169,PM14,1
170,AAPC-STID0000021597-Tumor-SM-3RVWK,0
171,P03-2620,0
172,TCGA-ZG-A9NI,0
173,TCGA-J9-A52D,0
174,TCGA-G9-7525,0
175,PR-2761,0
176,TCGA-VP-A875,0
177,99-091J_LN,1
178,TCGA-CH-5744,0
179,SC_9068,1
180,PROS01448-1115202-SM-5SGU5,1
181,TCGA-HC-7213,0
182,SC_9140,1
183,SC_9165,1
184,TP_2064,1
185,TCGA-ZG-A8QW,0
186,AAPC-STID0000008920-Tumor-SM-2XU17,0
187,TCGA-VN-A88O,0
188,99-090A2_LIVER,1
189,MO_1095,1
190,PR-04-903,0
191,TCGA-G9-A9S4,0
192,MO_1124,1
193,TP_2077,1
194,PROS11496-6115319-SM-6CNQ3,1
195,20870,1
196,TCGA-2A-A8W3,0
197,PROS12319B-SU2C-06115119-SM-4W2NE,1
198,TCGA-EJ-5519,0
199,PR-04-3222,0
200,TCGA-G9-6498,0
201,AAPC-STID0000021577-Tumor-SM-3RVWH,0
202,TCGA-KK-A8I5,0
203,PROS11496-6115236-SM-6CNPW,1
204,TCGA-ZG-A9LS,0
205,PRAD-6115403.0-SM-7LGUQ,1
206,TCGA-EJ-7785,0
207,22171,0
208,05-217L3_LUNG,1
209,AAPC-IP_LG-019-Tumor-SM-3NC61,0
210,PR-09-5702,0
211,PM121,1
212,TCGA-EJ-A7NK,0
213,AAPC-STID0000011640-Tumor-SM-2XU1H,0
214,AAPC-STID0000021557-Tumor-SM-3RVWA,0
215,PRAD-6115397.0-SM-7LGUJ,1
216,TCGA-ZG-A9LB,0
217,TCGA-CH-5789,0
218,PM158,1
219,AAPC-STID0000007540-Tumor-SM-2XU15,0
220,AAPC-STID0000021599-Tumor-SM-2XTZO,0
221,TCGA-XJ-A83F,0
222,MO_1128,1
223,SC_9073,1
224,TCGA-G9-6366,0
225,TCGA-G9-6342,0
226,PRAD-01115343-SM-6VZ7N,1
227,TCGA-HC-A632,0
228,TP_2032,1
229,TCGA-G9-6333,0
230,TCGA-FC-A6HD,0
231,05-214BB2_BONE,1
232,TCGA-EJ-5512,0
233,7951,1
234,PR-00-160,0
235,P08-590,0
236,TCGA-G9-6353,0
237,TCGA-YL-A8SA,0
238,P09-1372,0
239,MO_1277,1
240,PRAD-6115394.0-SM-7LGUG,1
241,TCGA-ZG-A8QX,0
242,MO_1447,1
243,TCGA-KK-A8I6,0
244,TCGA-G9-A9S0,0
245,TCGA-G9-7519,0
246,SC_9025,1
247,TCGA-V1-A8MM,0
248,PRAD-STID18248-Tumor-SM-1RCU7,1
249,PM2,1
250,TCGA-EJ-5524,0
251,TCGA-KK-A7B1,0
252,SC_9011,1
253,PR-2915,0
254,05-165O_ADRENAL,1
255,TCGA-EJ-A46B,0
256,PROS10448-SUTC.01115081-SM-4JC6A,1
257,TCGA-VN-A88R,0
258,TCGA-J4-AAU2,0
259,SC_9022,1
260,21011,0
261,TCGA-EJ-AB20,0
262,TCGA-YL-A8SC,0
263,TCGA-G9-6336,0
264,02-083E1_LN,1
265,SC_9134,1
266,AAPC-IP_LG-083-Tumor-SM-3NC7C,0
267,PR-0099,0
268,P04-2666,0
269,MO_1262,1
270,TCGA-V1-A9Z7,0
271,PM90,1
272,PR-0415,0
273,TCGA-HC-7233,0
274,AAPC-STID0000012110-Tumor-SM-2XU1J,0
275,AAPC-STID0000001044-Tumor-SM-2XU23,0
276,12-011I7_LN,1
277,PROS12319B-SU2C-06115115-SM-4W2NA,1
278,TCGA-V1-A8WS,0
279,TCGA-EJ-5501,0
280,TCGA-CH-5753,0
281,PM15,1
282,TCGA-EJ-5494,0
283,TCGA-EJ-7218,0
284,MO_1179,1
285,PR-02-1736,0
286,TCGA-CH-5748,0
287,P09-1580,0
288,TCGA-HC-7209,0
289,SC_9150,1
290,TCGA-WW-A8ZI,0
291,TCGA-G9-6343,0
292,P03-3391,0
293,TCGA-CH-5745,0
294,SC_9124,1
295,PR-09-3687,0
296,PROS10448-SUTC.01115082-SM-4JC6B,1
297,TCGA-ZG-A9L0,0
298,PRAD-01115349-SM-6VZ7M,1
299,TCGA-ZG-A9L2,0
300,TCGA-ZG-A9LY,0
301,TCGA-V1-A9Z9,0
302,MO_1176,1
303,PR-3023,0
304,21510,0
305,TCGA-KK-A59Z,0
306,PROS11496-6115285-SM-6CNPX,1
307,SC_9092,1
308,PROS12319B-SU2C-06115120-SM-4W2NF,1
309,AAPC-IP_LG-053-Tumor-SM-3NC6P,0
310,MO_1421,1
311,TCGA-YL-A8SL,0
312,TCGA-XK-AAIV,0
313,PR-00-1823,0
314,TCGA-HC-7211,0
315,SC_9151,1
316,PROS01448-DFCI.10-448.P30-SM-5CQ4V,1
317,TCGA-G9-6339,0
318,PR-05-3595,0
319,PROS10448-1115157-SM-5EEBO,1
320,TCGA-KK-A8IM,0
321,TCGA-EJ-5522,0
322,P05-3852,0
323,TCGA-HC-A4ZV,0
324,PR-04-3347,0
325,AAPC-IP_LG-075-Tumor-SM-3NC76,0
326,PR-09-5245,0
327,AAPC-STID0000011949-Tumor-SM-2XU1I,0
328,04-149E2_LN,1
329,SC_9002,1
330,AAPC-IP_LG-051-Tumor-SM-3NC6N,0
331,PROS01448-DFCI.10-448.P15-SM-5CQ5D,1
332,TCGA-CH-5741,0
333,PROS11496-6115295-SM-6CNQ7,1
334,PR-09-2744,0
335,TCGA-YL-A8SP,0
336,TCGA-J9-A8CM,0
337,24852,1
338,SC_9071,1
339,TCGA-EJ-7797,0
340,03-192B_LUNG,1
341,TCGA-HC-7819,0
342,TCGA-ZG-A9KY,0
343,TCGA-XK-AAJ3,0
344,12688,0
345,SC_9023,1
346,TCGA-J4-A67S,0
347,MO_1337,1
348,SC_9058,1
349,TCGA-HC-A6AS,0
350,TCGA-2A-AAYU,0
351,PRAD-DFCI.11-104.15-SM-3S2HH,1
352,TCGA-XK-AAK1,0
353,TCGA-G9-6371,0
354,TCGA-V1-A9Z8,0
355,TCGA-EJ-5503,0
356,PRAD-6115389.0-SM-7LGUB,1
357,TCGA-G9-6499,0
358,PRAD-6115402.0-SM-7LGUP,1
359,TCGA-EJ-7781,0
360,TCGA-V1-A9OT,0
361,SC_9006,1
362,TCGA-G9-6494,0
363,TCGA-G9-6338,0
364,TCGA-EJ-5510,0
365,TCGA-CH-5764,0
366,TCGA-ZG-A9LN,0
367,TCGA-HC-7212,0
368,TCGA-J9-A52B,0
369,TCGA-HC-7075,0
370,PROS10448-1115150-SM-5EEBK,1
371,TCGA-KK-A8IC,0
372,TCGA-EJ-A7NF,0
373,TCGA-EJ-A65E,0
374,TCGA-YL-A8SH,0
375,TCGA-XA-A8JR,0
376,TCGA-FC-A66V,0
377,TCGA-KK-A8IH,0
378,TCGA-KK-A6DY,0
379,AAPC-STID0000002869-Tumor-SM-2XU51,0
380,SC_9097,1
381,SC_9123,1
382,TCGA-ZG-A9L6,0
383,01-095N1_LN,1
384,TCGA-MG-AAMC,0
385,TCGA-G9-6367,0
386,PRAD-6115390.0-SM-7LGUC,1
387,AAPC-STID0000010901-Tumor-SM-2XU1D,0
388,P05-3436,0
389,SC_9007,1
390,P03-1426,0
391,SC_9153,1
392,TCGA-ZG-A9N3,0
393,TCGA-KK-A8I7,0
394,TCGA-KK-A8I9,0
395,AAPC-STID0000007180-Tumor-SM-2XU14,0
396,TCGA-G9-6370,0
397,TCGA-KK-A59V,0
398,SC_9019,1
399,TCGA-QU-A6IN,0
400,SC_9039,1
401,TCGA-HC-A6AL,0
402,TCGA-EJ-A7NM,0
403,TCGA-CH-5771,0
404,AAPC-STID0000015908-Tumor-SM-2XU1U,0
405,TCGA-CH-5761,0
406,PR-04-194,0
407,TCGA-CH-5746,0
408,TCGA-HC-7740,0
409,PROS01448-1115161-SM-5SGU1,1
410,P03-871,0
411,SC_9148,1
412,TCGA-J4-A67N,0
413,TCGA-YL-A8HK,0
414,AAPC-STID0000021600-Tumor-SM-3RVWL,0
415,TCGA-EJ-A65J,0
416,98-362B1_LN,1
417,TCGA-XQ-A8TB,0
