,id,response
0,TCGA-ZG-A9L1,0
1,SC_9002,1
2,TCGA-KK-A8I9,0
3,TCGA-EJ-5503,0
4,TCGA-M7-A720,0
5,PR-04-3347,0
6,TCGA-FC-A8O0,0
7,AAPC-IP_LG-053-Tumor-SM-3NC6P,0
8,PR-04-3222,0
9,TCGA-EJ-A7NK,0
10,AAPC-STID0000008920-Tumor-SM-2XU17,0
11,P03-871,0
12,TP_2032,1
13,PROS12319B-SU2C-06115120-SM-4W2NF,1
14,PRAD-6115400.0-SM-7LGUM,1
15,TCGA-YL-A8SL,0
16,TCGA-EJ-7785,0
17,TCGA-J4-AATZ,0
18,TCGA-HC-7744,0
19,P04-2666,0
20,SC_9043,1
21,12688,0
22,TCGA-EJ-5517,0
23,TCGA-YL-A8SA,0
24,TCGA-ZG-A9LN,0
25,21016,0
26,SC_9151,1
27,AAPC-IP_LG-019-Tumor-SM-3NC61,0
28,P03-2345,0
29,PROS12319B-SU2C-06115123-SM-4W2NI,1
30,SC_9153,1
31,PROS10448-SUTC.01115090-SM-4JC6W,1
32,21011,0
33,TCGA-EJ-8468,0
34,05-165O_ADRENAL,1
35,TCGA-G9-6494,0
36,TCGA-EJ-5494,0
37,TCGA-CH-5744,0
38,TCGA-EJ-7792,0
39,P05-3859,0
40,TCGA-EJ-5522,0
41,PROS11496-6115295-SM-6CNQ7,1
42,TCGA-KK-A8I5,0
43,PROS11496-6115236-SM-6CNPW,1
44,AAPC-STID0000021563-Tumor-SM-2XTYU,0
45,TCGA-FC-7961,0
46,PROS01448-DFCI.10-448.P30-SM-5CQ4V,1
47,SC_9010,1
48,TCGA-ZG-A8QW,0
49,TCGA-FC-A6HD,0
50,TCGA-ZG-A9L0,0
51,TCGA-M7-A71Z,0
52,PRAD-6115402.0-SM-7LGUP,1
53,P05-3436,0
54,TCGA-G9-6366,0
55,PRAD-6115389.0-SM-7LGUB,1
56,SC_9165,1
57,PR-2761,0
58,TCGA-HC-7212,0
59,MO_1095,1
60,MO_1421,1
61,TCGA-XK-AAIR,0
62,22171,0
63,PRAD-6115403.0-SM-7LGUQ,1
64,TCGA-J9-A52C,0
65,TCGA-HC-8213,0
66,AAPC-IP_LG-031-Tumor-SM-3NC69,0
67,AAPC-IP_LG-091-Tumor-SM-3NC7I,0
68,PRAD-6115390.0-SM-7LGUC,1
69,PROS10448-1115126-SM-5EEBI,1
70,TCGA-EJ-5512,0
71,TCGA-ZG-A9LY,0
72,TCGA-CH-5761,0
73,TCGA-KK-A59V,0
74,P05-3852,0
75,TCGA-YL-A8HL,0
76,P07-837,0
77,PM14,1
78,TCGA-YL-A8SH,0
79,TCGA-EJ-5510,0
80,PRAD-01115343-SM-6VZ7N,1
81,PM15,1
82,AAPC-STID0000021577-Tumor-SM-3RVWH,0
83,SC_9134,1
84,TCGA-MG-AAMC,0
85,00-029N9_LN,1
86,SC_9058,1
87,TCGA-YL-A8SP,0
88,SC_9085,1
89,PR-02-1082,0
90,SC_9073,1
91,08-093J1_LN,1
92,PROS11496-6115320-SM-6CNQ4,1
93,TCGA-XA-A8JR,0
94,TCGA-XK-AAJA,0
95,SC_9006,1
96,TCGA-G9-A9S4,0
97,TCGA-J9-A52D,0
98,TCGA-KC-A4BL,0
99,TCGA-V1-A8WS,0
100,TCGA-HC-8216,0
101,AAPC-STID0000012110-Tumor-SM-2XU1J,0
102,TCGA-EJ-7784,0
103,TCGA-XK-AAJ3,0
104,TCGA-J4-AAU2,0
105,PROS10448P28-SU2C.01115016-SM-42W9D,1
106,P07-360,0
107,TCGA-HC-7209,0
108,PROS10448-SUTC.01115091-SM-4JC6Y,1
109,TCGA-CH-5746,0
110,PR-09-2744,0
111,PRAD-01115349-SM-6VZ7M,1
112,AAPC-IP_LG-059-Tumor-SM-3NC6V,0
113,PROS11496-6115285-SM-6CNPX,1
114,PROS12319B-SU2C-06115119-SM-4W2NE,1
115,TCGA-G9-6370,0
116,SC_9150,1
117,MO_1114,1
118,TCGA-CH-5763,0
119,TCGA-VN-A88R,0
120,TCGA-EJ-A7NH,0
121,TCGA-YL-A9WY,0
122,TCGA-G9-6351,0
123,TCGA-G9-6496,0
124,SC_9068,1
125,TCGA-G9-6367,0
126,TCGA-HC-7819,0
127,SC_9060,1
128,PROS01448-1115161-SM-5SGU1,1
129,TCGA-G9-6363,0
130,TCGA-G9-6336,0
131,SC_9097,1
132,TCGA-CH-5741,0
133,TCGA-KK-A6E8,0
134,PR-3026,0
135,TCGA-2A-A8W3,0
136,TCGA-G9-6342,0
137,P03-1426,0
138,TCGA-G9-6498,0
139,TCGA-QU-A6IN,0
140,MO_1124,1
141,TCGA-ZG-A9NI,0
142,TCGA-G9-7525,0
143,SC_9071,1
144,SC_9128,1
145,TCGA-EJ-A46B,0
146,20870,1
147,PR-09-3687,0
148,PR-00-1823,0
149,PRAD-STID7520-Tumor-SM-2RXM6,0
150,SC_9140,1
151,PR-02-2072,0
152,01-095N1_LN,1
153,TCGA-EJ-7218,0
154,PROS12319B-SU2C-06115122-SM-4W2NH,1
155,SC_9093,1
156,TCGA-G9-6338,0
157,TCGA-V1-A9OA,0
158,PRAD-STID18248-Tumor-SM-1RCU7,1
159,AAPC-STID0000011949-Tumor-SM-2XU1I,0
160,TCGA-EJ-A7NM,0
161,TCGA-HC-7230,0
162,TCGA-YL-A8HK,0
163,03-163S4_LIVER,1
164,TCGA-EJ-A8FU,0
165,TCGA-HC-7740,0
166,TCGA-HC-A4ZV,0
167,TCGA-2A-AAYU,0
168,PR-3023,0
169,02-083E1_LN,1
170,TCGA-CH-5771,0
171,AAPC-IP_LG-033-Tumor-SM-3NC6B,0
172,TCGA-EJ-8469,0
173,PRAD-6115398.0-SM-7LGUK,1
174,AAPC-STID0000021593-Tumor-SM-2XTZH,0
175,TCGA-KK-A7B2,0
176,AAPC-STID0000003820-Tumor-SM-2XTZW,0
177,PR-01-2492,0
178,SC_9123,1
179,TCGA-HC-7747,0
180,PROS10448-1115157-SM-5EEBO,1
181,PM158,1
182,PM2,1
183,SC_9109,1
184,TCGA-HC-7211,0
185,P04-1790,0
186,05-148E3_LIVER,1
187,TCGA-XJ-A9DI,0
188,TCGA-ZG-A9LS,0
189,AAPC-STID0000021598-Tumor-SM-2XTZN,0
190,PROS01448-6115235-SM-67ERY,1
191,TCGA-YL-A9WJ,0
192,TCGA-XJ-A9DX,0
193,PROS12319B-SU2C-06115114-SM-4W2N9,1
194,TCGA-V1-A9OT,0
195,TCGA-HI-7168,0
196,TCGA-G9-7519,0
197,PR-04-194,0
198,TCGA-VN-A943,0
199,TCGA-VP-A875,0
200,PROS10448-SUTC.01115085-SM-4JC6J,1
201,AAPC-STID0000010902-Tumor-SM-2XU1E,0
202,SC_9023,1
203,SC_9007,1
204,TCGA-CH-5750,0
205,TCGA-CH-5753,0
206,SC_9148,1
207,P03-2620,0
208,AAPC-IP_LG-083-Tumor-SM-3NC7C,0
209,PRAD-01115257-SM-6WZF8,1
210,TCGA-KK-A6E6,0
211,PROS12319B-SU2C-06115115-SM-4W2NA,1
212,TCGA-HC-8264,0
213,12729,0
214,TCGA-EJ-5501,0
215,TCGA-CH-5748,0
216,TCGA-J4-A67S,0
217,PM163,1
218,MO_1084,1
219,TP_2077,1
220,TCGA-KK-A8IL,0
221,SC_9039,1
222,TCGA-KK-A6E5,0
223,PR-02-1899,0
224,P03-3391,0
225,PR-2915,0
226,PR-0415,0
227,AAPC-IP_LG-061-Tumor-SM-3NC6X,0
228,TCGA-HC-7233,0
229,05-214BB2_BONE,1
230,TCGA-EJ-A65D,0
231,TCGA-EJ-A65J,0
232,TCGA-EJ-A7NF,0
233,TCGA-KK-A8IH,0
234,TCGA-CH-5789,0
235,TCGA-XJ-A83F,0
236,TCGA-G9-6371,0
237,MO_1094,1
238,PROS10448-SUTC.01115082-SM-4JC6B,1
239,TCGA-XK-AAK1,0
240,TCGA-ZG-A9KY,0
241,PR-01-1934,0
242,TCGA-G9-6343,0
243,PR-04-903,0
244,TCGA-EJ-5518,0
245,SC_9076,1
246,TCGA-KK-A59Z,0
247,AAPC-IP_LG-051-Tumor-SM-3NC6N,0
248,TCGA-HC-A6HX,0
249,TCGA-EJ-AB20,0
250,PM90,1
251,AAPC-STID0000015908-Tumor-SM-2XU1U,0
252,AAPC-STID0000021600-Tumor-SM-3RVWL,0
253,TCGA-CH-5745,0
254,TCGA-HC-A631,0
255,TCGA-ZG-A9L2,0
256,AAPC-IP_LG-075-Tumor-SM-3NC76,0
257,MO_1128,1
258,PRAD-6115397.0-SM-7LGUJ,1
259,TCGA-ZG-A9L6,0
260,TCGA-HC-7081,0
261,05-116F_LUNG,1
262,TCGA-HC-A6AS,0
263,PROS01448-6115250-SM-67ES4,1
264,AAPC-IP_LG-067-Tumor-SM-3NC6Z,0
265,PR-05-3595,0
266,03-192B_LUNG,1
267,AAPC-STID0000020209-Tumor-SM-2XU21,0
268,99-091J_LN,1
269,PR-09-5446,0
270,PRAD-6115383.0-SM-7LGU6,1
271,TCGA-EJ-5509,0
272,P09-120,0
273,AAPC-STID0000021551-Tumor-SM-2XTYN,0
274,MO_1460,1
275,TCGA-YL-A8HM,0
276,TCGA-V1-A9OQ,0
277,TCGA-HC-A632,0
278,MO_1105,1
279,SC_9011,1
280,TCGA-XQ-A8TB,0
281,TCGA-G9-6499,0
282,PR-01-2554,0
283,AAPC-STID0000007180-Tumor-SM-2XU14,0
284,AAPC-STID0000021608-Tumor-SM-3RVWO,0
285,PROS01448-DFCI.10-448.P15-SM-5CQ5D,1
286,TCGA-EJ-7797,0
287,P08-590,0
288,SC_9040,1
289,99-090A2_LIVER,1
290,99-064O_LN,1
291,TCGA-EJ-7793,0
292,TCGA-G9-6353,0
293,SC_9099,1
294,TCGA-FC-7708,0
295,P06-1125,0
296,TCGA-EJ-5519,0
297,MO_1316,1
298,TCGA-V1-A9OY,0
299,PM121,1
300,TCGA-V1-A9Z8,0
301,TCGA-V1-A8MK,0
302,12-011I7_LN,1
303,TCGA-J4-A67N,0
304,PROS11496-6115319-SM-6CNQ3,1
305,TCGA-KK-A7AZ,0
306,PR-02-254,0
307,TCGA-KK-A7B1,0
308,SC_9063,1
309,MO_1339,1
310,03-139E3_RETROPERITONEAL,1
311,AAPC-STID0000002869-Tumor-SM-2XU51,0
312,AAPC-STID0000007540-Tumor-SM-2XU15,0
313,TCGA-YL-A8SC,0
314,05-217L3_LUNG,1
315,MO_1040,1
316,TCGA-ZG-A8QX,0
317,PM156,1
318,AAPC-STID0000021557-Tumor-SM-3RVWA,0
319,TCGA-KK-A7AY,0
320,98-362B1_LN,1
321,MO_1262,1
322,PROS10448-SUTC.01115081-SM-4JC6A,1
323,TCGA-HC-7232,0
324,P09-1580,0
325,MO_1277,1
326,MO_1130,1
327,TCGA-CH-5764,0
328,TCGA-ZG-A9N3,0
329,PR-3034,0
330,21510,0
331,TCGA-V1-A8MM,0
332,TCGA-EJ-7783,0
333,PRAD-DFCI.11-104.15-SM-3S2HH,1
334,TP_2064,1
335,PRAD-6115381.0-SM-7LGU3,1
336,TCGA-EJ-7781,0
337,TCGA-KK-A5A1,0
338,TCGA-EJ-5524,0
339,TCGA-HC-7213,0
340,PR-09-5245,0
341,MO_1179,1
342,MO_1447,1
343,TCGA-KK-A8I7,0
344,TCGA-XJ-A83G,0
345,TCGA-FC-A66V,0
346,SC_9124,1
347,SC_9031,1
348,AAPC-STID0000021597-Tumor-SM-3RVWK,0
349,SC_9091,1
350,TCGA-EJ-A6RC,0
351,PROS01448-DFCI.10-448.P22-SM-5CQ5H,1
352,TCGA-KK-A8I6,0
353,TCGA-J9-A8CM,0
354,04-149E2_LN,1
355,TCGA-XK-AAIV,0
356,TCGA-HC-7075,0
357,TCGA-V1-A9O9,0
358,SC_9092,1
359,MO_1176,1
360,AAPC-STID0000021586-Tumor-SM-2XU24,0
361,TCGA-EJ-5531,0
362,PROS01448-1115202-SM-5SGU5,1
363,TCGA-XJ-A9DQ,0
364,TCGA-V1-A9Z9,0
365,TCGA-KK-A7B3,0
366,PR-09-5702,0
367,PR-00-160,0
368,TCGA-ZG-A9LM,0
369,P06-1696,0
370,TCGA-G9-7523,0
371,SC_9104,1
372,TCGA-KK-A6DY,0
373,TCGA-ZG-A9LB,0
