,id,response
0,AAPC-STID0000021605-Tumor-SM-3RVWN,0
1,AAPC-STID0000021599-Tumor-SM-2XTZO,0
2,PRAD-6115402.0-SM-7LGUP,1
3,PM154,1
4,SC_9083,1
5,MO_1176,1
6,TP_2064,1
7,PROS11496-6115323-SM-6CNQ8,1
8,TCGA-KC-A4BN,0
9,AAPC-IP_LG-079-Tumor-SM-3NC7A,0
10,TCGA-YL-A9WJ,0
11,PR-2661,0
12,TCGA-G9-6333,0
13,TCGA-HC-7740,0
14,PR-2761,0
15,SC_9140,1
16,MO_1084,1
17,SC_9148,1
18,MO_1410,1
19,TCGA-YL-A8HM,0
20,PM124,1
21,SC_9163,1
22,05-165O_ADRENAL,1
23,TCGA-CH-5769,0
24,PROS01448-1115244-SM-5SGU6,1
25,TCGA-YL-A8HJ,0
26,TCGA-J4-8200,0
27,SC_9021,1
28,PR-09-2767,0
29,PROS01448-6115247-SM-67ES2,1
30,SC_9023,1
31,TCGA-EJ-5510,0
32,TCGA-CH-5737,0
33,AAPC-STID0000012568-Tumor-SM-2XU1M,0
34,TCGA-V1-A9ZG,0
35,PROS01448-6115227-SM-67ERU,1
36,TCGA-HC-7075,0
37,TCGA-KK-A6E1,0
38,SC_9082,1
39,TCGA-EJ-7783,0
40,SC_9040,1
41,TCGA-G9-6361,0
42,P03-871,0
43,TCGA-KK-A8IF,0
44,TCGA-EJ-5511,0
45,TCGA-V1-A9Z7,0
46,PM2,1
47,PR-06-1651,0
48,TCGA-EJ-5531,0
49,TCGA-M7-A720,0
50,TCGA-KK-A8I9,0
51,TCGA-KK-A6E6,0
52,TCGA-ZG-A9KY,0
53,TCGA-EJ-5530,0
54,TCGA-G9-6385,0
55,21020,0
56,TCGA-J9-A52D,0
57,MO_1277,1
58,TCGA-KK-A7AQ,0
59,TCGA-V1-A9OY,0
60,TCGA-G9-A9S0,0
61,TCGA-EJ-5522,0
62,AAPC-STID0000009880-Tumor-SM-2XU19,0
63,TCGA-V1-A8MM,0
64,TCGA-HC-7232,0
65,TCGA-EJ-A7NM,0
66,TCGA-CH-5771,0
67,TCGA-EJ-7797,0
68,AAPC-STID0000021598-Tumor-SM-2XTZN,0
69,SC_9049,1
70,MO_1232,1
71,TCGA-J4-A6G1,0
72,TCGA-EJ-7786,0
73,TCGA-EJ-7785,0
74,11-028L1_LUNG,1
75,99-091J_LN,1
76,TCGA-HC-A631,0
77,TCGA-CH-5792,0
78,TCGA-HC-7078,0
79,TCGA-KK-A59X,0
80,PRAD-6115381.0-SM-7LGU3,1
81,TCGA-VN-A943,0
82,TCGA-G9-6353,0
83,TCGA-J9-A8CN,0
84,SC_9123,1
85,21017,0
86,P04-1790,0
87,TCGA-YL-A9WY,0
88,TCGA-EJ-5501,0
89,AAPC-STID0000001044-Tumor-SM-2XU23,0
90,TCGA-KC-A4BO,0
91,TCGA-EJ-7125,0
92,10362,0
93,AAPC-IP_LG-085-Tumor-SM-3NC7E,0
94,SC_9022,1
95,TCGA-EJ-5519,0
96,TCGA-G9-A9S4,0
97,PROS01448-6115235-SM-67ERY,1
98,AAPC-STID0000021573-Tumor-SM-2XTYZ,0
99,TCGA-HC-8261,0
100,AAPC-STID0000015908-Tumor-SM-2XU1U,0
101,TCGA-EJ-A7NK,0
102,TCGA-KK-A7AY,0
103,SC_9141,1
104,TCGA-G9-6366,0
105,AAPC-STID0000021597-Tumor-SM-3RVWK,0
106,TCGA-KK-A8IG,0
107,TCGA-HC-8213,0
108,TCGA-EJ-7789,0
109,TCGA-YL-A9WL,0
110,AAPC-STID0000021604-Tumor-SM-2XTZU,0
111,TCGA-KK-A6E8,0
112,PROS12319B-SU2C-06115120-SM-4W2NF,1
113,TCGA-G9-6367,0
114,TCGA-XA-A8JR,0
115,PRAD-6115397.0-SM-7LGUJ,1
116,05-217L3_LUNG,1
117,TCGA-HC-8265,0
118,TCGA-V1-A8MJ,0
119,SC_9134,1
120,10680,0
121,TCGA-KK-A7B2,0
122,SC_9150,1
123,AAPC-IP_LG-031-Tumor-SM-3NC69,0
124,PM14,1
125,TCGA-ZG-A9N3,0
126,TCGA-KC-A4BV,0
127,MO_1014,1
128,SC_9036,1
129,SC_9151,1
130,TCGA-EJ-A65E,0
131,PM119,1
132,P03-1906,0
133,SC_9068,1
134,SC_9016,1
135,TCGA-J4-AATV,0
136,TCGA-KK-A6E2,0
137,TCGA-YL-A9WI,0
138,24852,1
139,AAPC-STID0000003057-Tumor-SM-2XTZT,0
140,TCGA-HC-7742,0
141,TCGA-KK-A8I5,0
142,AAPC-IP_LG-059-Tumor-SM-3NC6V,0
143,MO_1447,1
144,PRAD-6115383.0-SM-7LGU6,1
145,AAPC-STID0000010902-Tumor-SM-2XU1E,0
146,PR-00-1823,0
147,TCGA-V1-A9OA,0
148,AAPC-STID0000011949-Tumor-SM-2XU1I,0
149,AAPC-IP_LG-091-Tumor-SM-3NC7I,0
150,PR-09-5702,0
151,AAPC-STID0000010200-Tumor-SM-2XU1A,0
152,TCGA-XQ-A8TB,0
153,PROS10448P28-SU2C.01115016-SM-42W9D,1
154,SC_9084,1
155,MO_1241,1
156,PR-3036,0
157,20870,1
158,SC_9024,1
159,TCGA-G9-6336,0
160,TCGA-YL-A8SF,0
161,MO_1460,1
162,TCGA-EJ-7792,0
163,AAPC-STID0000021571-Tumor-SM-3RVWD,0
164,P06-1696,0
165,TCGA-VP-A875,0
166,TCGA-XK-AAK1,0
167,SC_9039,1
168,PR-2682,0
169,AAPC-IP_LG-049-Tumor-SM-3NC6L,0
170,P03-2345,0
171,P09-1580,0
172,07-042H2_LN,1
173,TCGA-ZG-A9LY,0
174,TCGA-J9-A8CK,0
175,TCGA-CH-5789,0
176,AAPC-STID0000021530-Tumor-SM-3RVW4,0
177,SC_9099,1
178,TCGA-G9-6339,0
179,TCGA-EJ-7781,0
180,AAPC-STID0000021587-Tumor-SM-2XTZD,0
181,SC_9079,1
182,PROS01448-DFCI.10-448.P40-SM-5CQ53,1
183,PROS10448-1115126-SM-5EEBI,1
184,PR-04-639,0
185,TCGA-KK-A6DY,0
186,TCGA-2A-A8W3,0
187,TCGA-KK-A8II,0
188,TCGA-KK-A6E0,0
189,AAPC-IP_LG-019-Tumor-SM-3NC61,0
190,PROS10448-SUTC.01115082-SM-4JC6B,1
191,TCGA-G9-6348,0
192,AAPC-STID0000012329-Tumor-SM-2XU1L,0
193,TCGA-G9-6498,0
194,PROS01448-DFCI.10-448.P05-SM-581SL,1
195,SC_9031,1
196,TCGA-HI-7168,0
197,PROS10448-SUTC.01115081-SM-4JC6A,1
198,AAPC-STID0000021595-Tumor-SM-2XTZK,0
199,TCGA-WW-A8ZI,0
200,MO_1054,1
201,MO_1219,1
202,99-090A2_LIVER,1
203,TCGA-KK-A7B1,0
204,SC_9162,1
205,PROS10448-SUTC.01115088-SM-4JC6Q,1
206,SC_9025,1
207,PM163,1
208,AAPC-IP_LG-043-Tumor-SM-3NC6F,0
209,SC_9128,1
210,TCGA-EJ-A65J,0
211,PRAD-01115349-SM-6VZ7M,1
212,MO_1130,1
213,AAPC-STID0000021586-Tumor-SM-2XU24,0
214,MO_1337,1
215,AAPC-IP_LG-033-Tumor-SM-3NC6B,0
216,AAPC-STID0000011640-Tumor-SM-2XU1H,0
217,TCGA-ZG-A8QY,0
218,TCGA-EJ-7327,0
219,TCGA-ZG-A9LN,0
220,P09-1372,0
221,TCGA-KK-A8IH,0
222,TCGA-FC-A8O0,0
223,SC_9124,1
224,TCGA-HC-A6HY,0
225,MO_1105,1
226,TP_2077,1
227,P05-3436,0
228,PROS11496-6115319-SM-6CNQ3,1
229,TCGA-XJ-A83G,0
230,TCGA-HC-7081,0
231,PROS12319B-SU2C-06115119-SM-4W2NE,1
232,TCGA-YL-A9WH,0
233,SC_9127,1
234,TCGA-KK-A8IL,0
235,AAPC-STID0000021608-Tumor-SM-3RVWO,0
236,TCGA-EJ-A46G,0
237,MO_1215,1
238,TCGA-EJ-A46I,0
239,TCGA-ZG-A9NI,0
240,P00-000450,0
241,PR-3023,0
242,SC_9114,1
243,PROS10448-SUTC.01115091-SM-4JC6Y,1
244,TCGA-KC-A7F6,0
245,03-192B_LUNG,1
246,TCGA-HC-7821,0
247,PROS01448-DFCI.10-448.P22-SM-5CQ5H,1
248,TCGA-EJ-A7NF,0
249,MO_1096,1
250,MO_1094,1
251,PROS01448-1115161-SM-5SGU1,1
252,PROS12319B-SU2C-06115121-SM-4W2NG,1
253,TCGA-KK-A8IK,0
254,TCGA-XQ-A8TA,0
255,AAPC-STID0000003820-Tumor-SM-2XTZW,0
256,TCGA-M7-A724,0
257,05-148E3_LIVER,1
258,MO_1012,1
259,01-095N1_LN,1
260,SC_9055,1
261,TCGA-G9-6354,0
262,TCGA-EJ-AB20,0
263,AAPC-STID0000011381-Tumor-SM-2XU1F,0
264,SC_9173,1
265,12-021H4_LIVER,1
266,PROS10448-SUTC.01115086-SM-4JC6K,1
267,TCGA-VP-A872,0
268,TCGA-QU-A6IN,0
269,PRAD-01115284-SM-6WZF6,1
270,SC_9172,1
271,TCGA-EJ-7791,0
272,MO_1008,1
273,PR-0099,0
274,TCGA-V1-A8ML,0
275,AAPC-IP_LG-083-Tumor-SM-3NC7C,0
276,TCGA-H9-7775,0
277,MO_1162,1
278,TCGA-YL-A8HK,0
279,TCGA-HC-7749,0
280,TCGA-G9-6351,0
281,PRAD-6115390.0-SM-7LGUC,1
282,TCGA-VN-A88R,0
283,22171,0
284,TCGA-KK-A59V,0
285,PROS10448-1115150-SM-5EEBK,1
286,SC_9007,1
287,PM158,1
288,PROS12319B-SU2C-06115118-SM-4W2ND,1
289,TCGA-V1-A9ZR,0
290,SC_9088,1
291,SC_9076,1
292,TCGA-EJ-7318,0
293,PRAD-6115401.0-SM-7LGUO,1
294,PR-09-3566,0
295,TCGA-YL-A8SA,0
296,MO_1249,1
297,TCGA-EJ-5527,0
298,MO_1339,1
299,P08-2516,0
300,TCGA-G9-6370,0
301,AAPC-IP_LG-021-Tumor-SM-3NC63,0
302,TCGA-EJ-5496,0
303,TCGA-HC-A8D0,0
304,SC_9058,1
305,TCGA-HC-7744,0
306,TCGA-EJ-A6RC,0
307,PR-09-5630,0
308,98-362B1_LN,1
309,TCGA-G9-6363,0
310,TCGA-YL-A8SH,0
311,SC_9092,1
312,PR-0415,0
313,PROS10448-SUTC.01115085-SM-4JC6J,1
314,AAPC-STID0000012110-Tumor-SM-2XU1J,0
315,03-139E3_RETROPERITONEAL,1
316,TCGA-HC-A8D1,0
317,AAPC-STID0000021551-Tumor-SM-2XTYN,0
318,08-037F1_LIVER,1
319,02-083E1_LN,1
320,TCGA-G9-6347,0
321,TCGA-G9-6338,0
322,PR-00-160,0
323,TCGA-HC-A6AN,0
324,TCGA-KK-A7B0,0
325,TCGA-X4-A8KS,0
326,TCGA-XK-AAJA,0
327,PROS01448-1115202-SM-5SGU5,1
328,PROS01448-6115250-SM-67ES4,1
329,TCGA-KK-A7AZ,0
330,SC_9046,1
331,TCGA-EJ-5508,0
332,PRAD-01115264-SM-6WZFA,1
333,PROS01448-1115200-SM-5SGU4,1
334,TCGA-G9-7525,0
335,TCGA-EJ-5502,0
336,PROS12319B-SU2C-06115114-SM-4W2N9,1
337,TCGA-XK-AAJT,0
338,TCGA-G9-7510,0
339,AAPC-STID0000021574-Tumor-SM-3RVWF,0
340,TCGA-HC-A76X,0
341,PRAD-DFCI.11-104.15-SM-3S2HH,1
342,TCGA-EJ-8474,0
343,TCGA-EJ-7793,0
344,PR-09-5094,0
345,P03-1334,0
346,SC_9060,1
347,12729,0
348,SC_9093,1
349,TCGA-HC-A6AS,0
350,TCGA-XJ-A9DX,0
351,PR-2740,0
352,AAPC-IP_LG-067-Tumor-SM-3NC6Z,0
353,TCGA-XK-AAIV,0
354,TCGA-XK-AAIW,0
355,TCGA-EJ-5509,0
356,08-093J1_LN,1
357,TCGA-KK-A5A1,0
358,AAPC-STID0000002869-Tumor-SM-2XU51,0
359,P08-590,0
360,TCGA-ZG-A9LS,0
361,PROS11496-6115286-SM-6CNPY,1
362,SC_9006,1
363,SC_9097,1
364,PRAD-6115388.0-SM-7LGUA,1
365,P07-144,0
366,SC_9071,1
367,TCGA-J4-A67S,0
368,SC_9063,1
369,TCGA-KK-A8IC,0
370,TCGA-FC-A5OB,0
371,TCGA-EJ-5518,0
372,TCGA-XJ-A9DI,0
373,TCGA-KK-A59Y,0
374,AAPC-STID0000021556-Tumor-SM-3RVW9,0
375,SC_9028,1
376,SC_9153,1
377,PROS01448-DFCI.10-448.P30-SM-5CQ4V,1
378,TCGA-TP-A8TV,0
379,TCGA-ZG-A9L1,0
380,12-011I7_LN,1
381,PM6-Halo-TM,1
382,TCGA-EJ-5526,0
383,TCGA-KK-A7B3,0
384,TCGA-YL-A8S8,0
385,21016,0
386,TCGA-J9-A52B,0
387,SC_9065,1
388,P09-120,0
389,TCGA-G9-6496,0
390,TCGA-V1-A9Z8,0
391,AAPC-IP_LG-061-Tumor-SM-3NC6X,0
392,AAPC-STID0000010901-Tumor-SM-2XU1D,0
393,MO_1074,1
394,TCGA-YL-A8SP,0
395,TCGA-HC-7819,0
396,PROS01448-1115183-SM-5SGU3,1
397,MO_1118,1
398,AAPC-STID0000021536-Tumor-SM-3RVW6,0
399,TCGA-G9-6378,0
400,SI_9157,1
401,AAPC-STID0000011580-Tumor-SM-2XU1G,0
402,TCGA-HC-7747,0
403,20990,0
404,PR-04-903,0
405,TCGA-KC-A7FA,0
406,PR-02-2072,0
407,PROS11496-6115320-SM-6CNQ4,1
408,11040,1
409,TCGA-CH-5748,0
410,TCGA-ZG-A8QX,0
411,TCGA-EJ-5494,0
412,AAPC-STID0000021593-Tumor-SM-2XTZH,0
413,SC_9165,1
414,TCGA-EJ-A8FU,0
415,AAPC-STID0000021600-Tumor-SM-3RVWL,0
416,TCGA-HC-7817,0
417,TCGA-HC-8266,0
418,PM155,1
419,PR-04-194,0
420,PM90,1
421,PROS12319B-SU2C-06115122-SM-4W2NH,1
422,P02-1562,0
423,10361,0
424,TCGA-M7-A71Z,0
425,TCGA-CH-5745,0
426,P07-5036,0
427,TCGA-FC-A6HD,0
428,TCGA-EJ-A46F,0
429,SC_9019,1
430,MO_1020,1
431,AAPC-STID0000019028-Tumor-SM-2XU1X,0
432,TCGA-J4-A67N,0
433,AAPC-STID0000007180-Tumor-SM-2XU14,0
434,TCGA-KK-A8I6,0
435,TCGA-EJ-A46B,0
436,TCGA-ZG-A8QW,0
437,TCGA-2A-A8VX,0
438,TCGA-CH-5763,0
439,PROS01448-6115224-SM-67ERT,1
440,TCGA-EJ-A7NH,0
441,PROS11496-6115295-SM-6CNQ7,1
442,98-372L_LN,1
443,PR-02-1736,0
444,PR-3048,0
445,TCGA-EJ-5512,0
446,PRAD-STID7520-Tumor-SM-2RXM6,0
447,TP_2020,1
448,TCGA-HC-A6HX,0
449,PRAD-STID0000004240-Tumor-SM-S932,1
450,MO_1184,1
451,TCGA-HC-A76W,0
452,TP_2010,1
453,7951,1
454,AAPC-STID0000021550-Tumor-SM-2XTYM,0
455,PROS01448-6115234-SM-67ERX,1
456,AAPC-STID0000021557-Tumor-SM-3RVWA,0
457,AAPC-STID0000007540-Tumor-SM-2XU15,0
458,TCGA-HC-7230,0
459,TCGA-J4-A67M,0
460,SC_9142,1
461,PR-3127,0
462,P05-3859,0
463,TCGA-CH-5791,0
464,AAPC-STID0000021563-Tumor-SM-2XTYU,0
465,TCGA-EJ-8469,0
466,AAPC-IP_LG-037-Tumor-SM-3NC6D,0
467,PROS12319B-SU2C-06115123-SM-4W2NI,1
468,TCGA-CH-5764,0
469,TCGA-ZG-A9L2,0
470,TCGA-V1-A8MK,0
471,MO_1040,1
472,P03-3391,0
473,TCGA-FC-7708,0
474,PROS10448-SUTC.01115090-SM-4JC6W,1
475,TCGA-HC-7750,0
476,TCGA-CH-5766,0
477,TCGA-KK-A6E7,0
478,SC_9011,1
479,TCGA-KK-A7AU,0
480,TCGA-HC-7213,0
481,PROS01448-6115251-SM-67ES6,1
482,AAPC-STID0000006860-Tumor-SM-2XU12,0
483,TCGA-KK-A6E5,0
484,09-006F1_RENAL,1
485,TCGA-YL-A9WK,0
486,P04-1243,0
487,SC_9056,1
488,AAPC-STID0000020209-Tumor-SM-2XU21,0
489,SC_9109,1
490,TCGA-CH-5741,0
491,MO_1202,1
492,SC_9080,1
493,SC_9085,1
494,TCGA-HC-A632,0
495,AAPC-IP_LG-051-Tumor-SM-3NC6N,0
496,TCGA-ZG-A9LM,0
497,PROS11496-6115288-SM-6CNQ1,1
498,21510,0
499,TCGA-HC-8264,0
500,TCGA-V1-A9O7,0
501,TCGA-HC-A6AL,0
502,SC_9059,1
503,PRAD-STID18248-Tumor-SM-1RCU7,1
504,SC_9043,1
505,26731,0
506,PR-04-3347,0
507,AAPC-STID0000021594-Tumor-SM-3RVWJ,0
508,TCGA-CH-5744,0
509,TCGA-V1-A9OT,0
510,PR-2915,0
511,SC_9002,1
512,TCGA-HC-A6AQ,0
513,P01-28,0
514,PROS10448-1115157-SM-5EEBO,1
515,TCGA-EJ-A8FP,0
516,TCGA-CH-5753,0
517,12688,0
518,07-062F2_LUNG,1
519,P04-1084,0
520,TCGA-MG-AAMC,0
521,MO_1124,1
522,MO_1316,1
523,TCGA-EJ-A6RA,0
524,AAPC-STID0000021584-Tumor-SM-2XTZ6,0
525,TCGA-FC-7961,0
526,SC_9121,1
527,PROS12319B-SU2C-06115115-SM-4W2NA,1
528,PRAD-6115394.0-SM-7LGUG,1
529,TCGA-G9-6371,0
530,PROS10448-1115154-SM-5EEBM,1
531,MO_1262,1
532,TP_2001,1
533,MO_1095,1
534,P07-360,0
535,TCGA-J4-AAU2,0
536,PROS01448-DFCI.10-448.P38-SM-5CQ52,1
537,TCGA-FC-A66V,0
538,TCGA-HC-7211,0
539,TCGA-XK-AAJ3,0
540,PR-05-839,0
541,SC_9136,1
542,TCGA-ZG-A9L6,0
543,TCGA-G9-7523,0
544,TCGA-CH-5754,0
545,TCGA-H9-A6BY,0
546,TCGA-HC-7737,0
547,05-214BB2_BONE,1
548,TCGA-ZG-A9LB,0
549,TCGA-HC-7752,0
550,TCGA-CH-5750,0
551,PRAD-6115385.0-SM-7LGU7,1
552,TCGA-ZG-A9L5,0
553,TCGA-V1-A8WS,0
554,TCGA-CH-5752,0
555,SC_9091,1
556,TCGA-ZG-A9L0,0
557,SC_9073,1
558,SC_9017,1
559,TCGA-X4-A8KQ,0
560,TCGA-J4-AATZ,0
561,MO_1421,1
562,TCGA-QU-A6IL,0
563,TCGA-HC-7209,0
564,SC_9030,1
565,MO_1179,1
566,TCGA-G9-6494,0
567,SC_9104,1
568,PR-02-1899,0
569,PR-01-2492,0
570,TCGA-EJ-5542,0
571,TCGA-YL-A8SK,0
572,05-116F_LUNG,1
573,TCGA-YL-A8SC,0
574,PM121,1
575,TCGA-KK-A8I7,0
576,P03-2620,0
577,SC_9010,1
578,TCGA-EJ-5498,0
579,P05-3852,0
580,TCGA-G9-6499,0
581,TCGA-HC-A4ZV,0
582,PR-09-5245,0
583,TCGA-HC-A8CY,0
584,AAPC-STID0000021583-Tumor-SM-3RVWI,0
585,SC_9090,1
586,TCGA-YL-A8SQ,0
587,TCGA-G9-7519,0
588,TCGA-VN-A88O,0
589,TCGA-KC-A4BR,0
590,PRAD-01115343-SM-6VZ7N,1
591,TCGA-KK-A8IM,0
592,TCGA-SU-A7E7,0
593,PR-09-5446,0
594,PROS01448-DFCI.10-448.P15-SM-5CQ5D,1
595,TCGA-EJ-A65D,0
596,99-064O_LN,1
597,PRAD-6115403.0-SM-7LGUQ,1
598,AAPC-STID0000021577-Tumor-SM-3RVWH,0
599,TCGA-VN-A88N,0
600,TCGA-YL-A8S9,0
601,PRAD-01115257-SM-6WZF8,1
602,PRAD-6115398.0-SM-7LGUK,1
603,TCGA-J4-A6G3,0
604,TCGA-V1-A8X3,0
605,AAPC-STID0000021534-Tumor-SM-2XTYJ,0
606,TCGA-HC-8216,0
607,P02-2035,0
608,TCGA-CH-5746,0
609,P04-47,0
610,TCGA-CH-5794,0
611,AAPC-STID0000021613-Tumor-SM-2XU1K,0
612,TCGA-XK-AAIR,0
613,SC_9029,1
614,PRAD-6115387.0-SM-7LGU9,1
615,PR-09-3687,0
616,TCGA-XK-AAJR,0
617,TCGA-KK-A59Z,0
618,10363,0
619,AAPC-IP_LG-053-Tumor-SM-3NC6P,0
620,TCGA-EJ-AB27,0
621,TCGA-HC-7233,0
622,P09-649,0
623,03-163S4_LIVER,1
624,PR-09-2744,0
625,TCGA-V1-A9Z9,0
626,SC_9026,1
627,PR-09-3421,0
628,PRAD-6115400.0-SM-7LGUM,1
629,TCGA-EJ-7218,0
630,TCGA-KK-A6E4,0
631,PROS10448-SUTC.01115092-SM-4JC74,1
632,SC_9094,1
633,TCGA-G9-6343,0
634,TCGA-EJ-5517,0
635,AAPC-STID0000013388-Tumor-SM-2XU1Q,0
636,TCGA-HC-7820,0
637,TCGA-2A-AAYU,0
638,TCGA-G9-6369,0
639,MO_1114,1
640,AAPC-IP_LG-075-Tumor-SM-3NC76,0
641,PM156,1
642,TCGA-V1-A9OQ,0
643,05-221MM1_BONE,1
644,PR-02-1082,0
645,TCGA-KK-A8IA,0
646,TCGA-V1-A9O9,0
647,SC_9081,1
648,PR-3034,0
649,TCGA-KK-A8I4,0
650,P07-837,0
651,TCGA-CH-5743,0
652,TCGA-YL-A8SL,0
653,P05-2212,0
654,TCGA-KK-A8IJ,0
655,SC_9027,1
656,SC_9126,1
657,TCGA-CH-5761,0
658,21011,0
659,AAPC-STID0000008920-Tumor-SM-2XU17,0
660,AAPC-IP_LG-045-Tumor-SM-3NC6H,0
661,P03-1426,0
662,TCGA-HC-7212,0
663,TCGA-KC-A4BL,0
664,PR-02-254,0
665,TCGA-G9-6342,0
666,TCGA-EJ-7328,0
667,TCGA-J4-A67R,0
668,TCGA-J4-8198,0
669,TP_2032,1
670,P04-2666,0
671,AAPC-STID0000021532-Tumor-SM-3RVW5,0
672,04-149E2_LN,1
673,P06-1125,0
674,10-013F1_LN,1
675,AAPC-IP_LG-057-Tumor-SM-3NC6T,0
676,PR-01-1934,0
677,TCGA-HI-7169,0
678,PM161,1
679,P06-3676,0
680,MO_1128,1
681,TCGA-CH-5739,0
682,TCGA-EJ-5503,0
683,TCGA-ZG-A9LZ,0
684,PROS11496-6115285-SM-6CNPX,1
685,SC_9138,1
686,PR-3026,0
687,TCGA-VP-AA1N,0
688,PR-06-1749,0
689,TCGA-EJ-7784,0
690,PR-01-2554,0
691,PR-04-3222,0
692,PRAD-6115389.0-SM-7LGUB,1
693,TCGA-HC-7079,0
694,SC_9061,1
695,TCGA-KC-A7F3,0
696,PROS11496-6115236-SM-6CNPW,1
697,TCGA-4L-AA1F,0
698,TCGA-J9-A8CM,0
699,AAPC-STID0000010880-Tumor-SM-2XU1C,0
700,PROS01448-6115219-SM-67ERS,1
701,TCGA-2A-A8W1,0
702,SC_9129,1
703,P09-2497,0
704,AAPC-IP_LG-073-Tumor-SM-3NC74,0
705,00-029N9_LN,1
706,TCGA-J9-A52C,0
707,PR-03-1026,0
708,TCGA-HC-7745,0
709,AAPC-STID0000021537-Tumor-SM-3RVW7,0
710,TCGA-EJ-8468,0
711,TCGA-EJ-5524,0
712,TCGA-ZG-A9L9,0
713,PM15,1
714,TCGA-XJ-A9DQ,0
715,TCGA-YL-A8HL,0
716,PRAD-6115386.0-SM-7LGU8,1
717,PR-05-3595,0
718,AAPC-STID0000021602-Tumor-SM-2XTZR,0
719,01-087MM_BONE,1
720,TCGA-XJ-A83F,0
721,PROS01448-DFCI.10-448.P20-SM-5CQ5F,1
722,AAPC-STID0000013409-Tumor-SM-2XU1R,0
723,TCGA-EJ-A65F,0
