,id,response
0,P09-1580,0
1,P07-837,0
2,TCGA-CH-5741,0
3,MO_1339,1
4,PROS10448-SUTC.01115090-SM-4JC6W,1
5,AAPC-STID0000007180-Tumor-SM-2XU14,0
6,PRAD-6115400.0-SM-7LGUM,1
7,TCGA-V1-A9OY,0
8,SC_9071,1
9,05-148E3_LIVER,1
10,TCGA-HI-7168,0
11,03-139E3_RETROPERITONEAL,1
12,SC_9091,1
13,SC_9011,1
14,TCGA-G9-A9S4,0
15,PR-01-2492,0
16,TCGA-HC-7744,0
17,SC_9148,1
18,PR-2915,0
19,PRAD-6115389.0-SM-7LGUB,1
20,TCGA-EJ-7797,0
21,PR-00-160,0
22,TCGA-FC-7708,0
23,TCGA-EJ-5494,0
24,TCGA-CH-5763,0
25,SC_9076,1
26,TP_2032,1
27,AAPC-IP_LG-019-Tumor-SM-3NC61,0
28,PR-3026,0
29,MO_1262,1
30,TCGA-EJ-7793,0
31,PROS01448-1115161-SM-5SGU1,1
32,TCGA-KK-A7AZ,0
33,99-091J_LN,1
34,21016,0
35,SC_9031,1
36,TCGA-J4-A67N,0
37,TCGA-G9-7523,0
38,TCGA-G9-6353,0
39,MO_1114,1
40,PROS01448-6115235-SM-67ERY,1
41,PR-00-1823,0
42,TCGA-EJ-A65J,0
43,TCGA-KK-A7AY,0
44,TCGA-V1-A9OA,0
45,PR-04-3222,0
46,TCGA-J9-A52D,0
47,AAPC-STID0000007540-Tumor-SM-2XU15,0
48,AAPC-IP_LG-075-Tumor-SM-3NC76,0
49,12688,0
50,TCGA-J4-AAU2,0
51,TCGA-G9-6336,0
52,TCGA-CH-5753,0
53,AAPC-STID0000010902-Tumor-SM-2XU1E,0
54,TCGA-VP-A875,0
55,TCGA-ZG-A8QX,0
56,PROS10448-1115126-SM-5EEBI,1
57,AAPC-STID0000021597-Tumor-SM-3RVWK,0
58,AAPC-STID0000021551-Tumor-SM-2XTYN,0
59,MO_1124,1
60,TCGA-KK-A6E8,0
61,TCGA-EJ-5503,0
62,TCGA-V1-A8MK,0
63,TCGA-VN-A88R,0
64,MO_1084,1
65,TCGA-G9-6370,0
66,TCGA-YL-A8SH,0
67,TCGA-FC-A66V,0
68,AAPC-STID0000021608-Tumor-SM-3RVWO,0
69,12-011I7_LN,1
70,TCGA-YL-A8SC,0
71,AAPC-IP_LG-053-Tumor-SM-3NC6P,0
72,TCGA-J4-A67S,0
73,PROS10448-SUTC.01115091-SM-4JC6Y,1
74,PRAD-STID18248-Tumor-SM-1RCU7,1
75,AAPC-IP_LG-059-Tumor-SM-3NC6V,0
76,SC_9123,1
77,TCGA-G9-6363,0
78,PR-2761,0
79,P05-3852,0
80,TCGA-HC-7230,0
81,TCGA-ZG-A9L6,0
82,TCGA-G9-6494,0
83,01-095N1_LN,1
84,TCGA-XQ-A8TB,0
85,TCGA-EJ-A8FU,0
86,TCGA-EJ-A7NM,0
87,PROS10448-SUTC.01115081-SM-4JC6A,1
88,TCGA-EJ-A7NK,0
89,TP_2077,1
90,SC_9006,1
91,MO_1447,1
92,TCGA-YL-A9WY,0
93,AAPC-STID0000011949-Tumor-SM-2XU1I,0
94,SC_9002,1
95,MO_1094,1
96,AAPC-IP_LG-033-Tumor-SM-3NC6B,0
97,AAPC-STID0000003820-Tumor-SM-2XTZW,0
98,TCGA-HC-7233,0
99,SC_9134,1
