,id,response
0,TCGA-G9-A9S4,0
1,P06-1125,0
2,TCGA-EJ-A6RC,0
3,TCGA-ZG-A8QX,0
4,AAPC-IP_LG-053-Tumor-SM-3NC6P,0
5,TP_2032,1
6,TP_2077,1
7,AAPC-IP_LG-019-Tumor-SM-3NC61,0
8,PR-00-160,0
9,PROS10448-SUTC.01115090-SM-4JC6W,1
10,05-148E3_LIVER,1
11,AAPC-IP_LG-059-Tumor-SM-3NC6V,0
12,TCGA-G9-6336,0
13,TCGA-YL-A9WY,0
14,SC_9123,1
15,MO_1114,1
16,PROS10448-1115126-SM-5EEBI,1
17,TCGA-G9-7523,0
18,SC_9153,1
19,TCGA-YL-A8SH,0
20,PROS01448-6115235-SM-67ERY,1
21,PROS10448-SUTC.01115091-SM-4JC6Y,1
22,TCGA-HI-7168,0
23,MO_1128,1
24,PRAD-6115400.0-SM-7LGUM,1
25,TCGA-HC-7747,0
26,MO_1447,1
27,TCGA-EJ-5494,0
28,TCGA-EJ-7793,0
29,TCGA-EJ-A7NM,0
30,MO_1339,1
31,PR-2915,0
32,SC_9148,1
33,TCGA-VP-A875,0
34,TCGA-EJ-7797,0
35,TCGA-HC-7744,0
36,TCGA-V1-A9OA,0
37,01-095N1_LN,1
38,21016,0
39,TCGA-CH-5741,0
40,TCGA-KK-A6E8,0
41,SC_9071,1
42,TCGA-CH-5753,0
43,TCGA-G9-6353,0
44,TCGA-G9-6370,0
45,P07-837,0
46,AAPC-STID0000021557-Tumor-SM-3RVWA,0
47,TCGA-HC-7233,0
48,TCGA-CH-5763,0
49,TCGA-EJ-5517,0
50,PROS10448-SUTC.01115081-SM-4JC6A,1
51,MO_1460,1
52,TCGA-KK-A7AZ,0
53,TCGA-HC-A632,0
54,AAPC-STID0000007540-Tumor-SM-2XU15,0
55,TCGA-EJ-5519,0
56,AAPC-STID0000021551-Tumor-SM-2XTYN,0
57,TCGA-HC-7230,0
58,TCGA-FC-7961,0
59,TCGA-YL-A8SC,0
60,TCGA-VN-A88R,0
61,PM14,1
62,TCGA-V1-A9OY,0
63,TCGA-ZG-A9L6,0
64,MO_1262,1
65,P05-3852,0
66,12-011I7_LN,1
67,AAPC-STID0000011949-Tumor-SM-2XU1I,0
68,21510,0
69,TCGA-V1-A9Z8,0
70,PRAD-6115383.0-SM-7LGU6,1
71,SC_9031,1
72,PRAD-STID7520-Tumor-SM-2RXM6,0
73,TCGA-J9-A52D,0
74,TCGA-FC-7708,0
75,AAPC-IP_LG-033-Tumor-SM-3NC6B,0
76,PR-3026,0
77,TCGA-EJ-A7NK,0
78,PRAD-6115403.0-SM-7LGUQ,1
79,AAPC-IP_LG-075-Tumor-SM-3NC76,0
80,TCGA-V1-A9OQ,0
81,PR-04-3222,0
82,P09-1580,0
83,SC_9128,1
84,TCGA-KK-A6E6,0
85,TCGA-G9-6351,0
86,PROS01448-1115202-SM-5SGU5,1
87,TCGA-MG-AAMC,0
88,SC_9134,1
89,PROS01448-1115161-SM-5SGU1,1
90,TCGA-G9-6363,0
91,TCGA-EJ-5503,0
92,SC_9011,1
93,PR-2761,0
94,SC_9076,1
95,12688,0
96,AAPC-STID0000010902-Tumor-SM-2XU1E,0
97,PRAD-STID18248-Tumor-SM-1RCU7,1
98,TCGA-G9-7525,0
99,AAPC-STID0000021597-Tumor-SM-3RVWK,0
100,TCGA-J4-A67S,0
101,TCGA-V1-A8MK,0
102,PRAD-6115397.0-SM-7LGUJ,1
103,PR-01-2492,0
104,TCGA-XQ-A8TB,0
105,MO_1084,1
106,PRAD-6115389.0-SM-7LGUB,1
107,SC_9124,1
108,SC_9002,1
109,TCGA-EJ-A8FU,0
110,MO_1316,1
111,MO_1124,1
112,SC_9006,1
113,SC_9091,1
114,AAPC-STID0000007180-Tumor-SM-2XU14,0
115,TCGA-KK-A6DY,0
116,PR-00-1823,0
117,TCGA-J4-A67N,0
118,TCGA-J9-A52C,0
119,TCGA-EJ-A65J,0
120,AAPC-STID0000021563-Tumor-SM-2XTYU,0
121,TCGA-FC-A66V,0
122,TCGA-FC-A8O0,0
123,03-139E3_RETROPERITONEAL,1
124,05-165O_ADRENAL,1
125,TCGA-G9-6494,0
126,TCGA-CH-5764,0
127,SC_9092,1
128,MO_1094,1
129,TCGA-ZG-A9L1,0
130,99-091J_LN,1
131,TCGA-KK-A6E5,0
132,TCGA-YL-A8HL,0
133,TCGA-HC-8264,0
134,AAPC-STID0000021608-Tumor-SM-3RVWO,0
135,TCGA-J4-AAU2,0
136,PR-02-1899,0
137,TCGA-KK-A7AY,0
138,AAPC-STID0000003820-Tumor-SM-2XTZW,0
