,id,response
0,TCGA-EJ-5519,0
1,PR-04-194,0
2,P09-1580,0
3,TCGA-G9-6370,0
4,TCGA-KK-A7AZ,0
5,TCGA-CH-5763,0
6,PR-00-1823,0
7,PROS01448-DFCI.10-448.P30-SM-5CQ4V,1
8,21016,0
9,TCGA-YL-A8HL,0
10,PROS10448-1115126-SM-5EEBI,1
11,MO_1262,1
12,PR-3026,0
13,TCGA-HC-8264,0
14,TCGA-ZG-A9L1,0
15,MO_1084,1
16,TCGA-KK-A6E5,0
17,TCGA-KK-A59Z,0
18,TCGA-V1-A9OY,0
19,AAPC-IP_LG-075-Tumor-SM-3NC76,0
20,AAPC-STID0000021608-Tumor-SM-3RVWO,0
21,TCGA-YL-A9WY,0
22,AAPC-STID0000021597-Tumor-SM-3RVWK,0
23,TCGA-G9-6351,0
24,AAPC-STID0000007540-Tumor-SM-2XU15,0
25,TCGA-ZG-A8QX,0
26,TCGA-VN-A88R,0
27,TCGA-G9-6363,0
28,PR-01-2492,0
29,TCGA-HI-7168,0
30,TCGA-EJ-A7NM,0
31,SC_9134,1
32,TCGA-CH-5753,0
33,TCGA-HC-7233,0
34,TCGA-EJ-A8FU,0
35,MO_1124,1
36,P06-1125,0
37,SC_9011,1
38,PM121,1
39,AAPC-STID0000021563-Tumor-SM-2XTYU,0
40,PM14,1
41,TCGA-HC-8216,0
42,AAPC-IP_LG-033-Tumor-SM-3NC6B,0
43,PRAD-STID18248-Tumor-SM-1RCU7,1
44,TCGA-KK-A7AY,0
45,MO_1460,1
46,05-165O_ADRENAL,1
47,MO_1339,1
48,SC_9063,1
49,TCGA-EJ-7797,0
50,SC_9091,1
51,P04-1790,0
52,MO_1128,1
53,PRAD-STID7520-Tumor-SM-2RXM6,0
54,TCGA-CH-5764,0
55,SC_9006,1
56,TCGA-EJ-A65D,0
57,SC_9002,1
58,TP_2077,1
59,12-011I7_LN,1
60,TCGA-G9-7525,0
61,TCGA-HC-A632,0
62,05-148E3_LIVER,1
63,TCGA-HC-7230,0
64,TCGA-J4-A67N,0
65,TCGA-G9-A9S4,0
66,01-095N1_LN,1
67,TCGA-FC-A66V,0
68,SC_9123,1
69,TCGA-V1-A9OA,0
70,PR-04-903,0
71,PR-02-1082,0
72,TCGA-KK-A6E6,0
73,99-091J_LN,1
74,MO_1277,1
75,TCGA-EJ-5503,0
76,MO_1316,1
77,TCGA-XQ-A8TB,0
78,PRAD-6115403.0-SM-7LGUQ,1
79,PRAD-6115400.0-SM-7LGUM,1
80,AAPC-STID0000021551-Tumor-SM-2XTYN,0
81,SC_9109,1
82,P05-3852,0
83,AAPC-STID0000011949-Tumor-SM-2XU1I,0
84,SC_9148,1
85,TCGA-HC-7747,0
86,TCGA-EJ-A7NK,0
87,TCGA-EJ-7793,0
88,TCGA-CH-5741,0
89,TCGA-KK-A6DY,0
90,PROS10448-SUTC.01115090-SM-4JC6W,1
91,TCGA-YL-A8SH,0
92,SC_9124,1
93,TCGA-EJ-5517,0
94,TCGA-V1-A9Z8,0
95,21510,0
96,PROS10448-SUTC.01115081-SM-4JC6A,1
97,TCGA-FC-A8O0,0
98,AAPC-STID0000007180-Tumor-SM-2XU14,0
99,PR-2915,0
100,TCGA-EJ-A65J,0
101,TCGA-J4-A67S,0
102,AAPC-IP_LG-053-Tumor-SM-3NC6P,0
103,TCGA-J9-A52D,0
104,12688,0
105,MO_1094,1
106,SC_9128,1
107,TCGA-J9-A52C,0
108,TCGA-EJ-5494,0
109,TCGA-YL-A8SC,0
110,AAPC-IP_LG-019-Tumor-SM-3NC61,0
111,P07-837,0
112,SC_9092,1
113,TCGA-V1-A8MK,0
114,PR-2761,0
115,PRAD-6115389.0-SM-7LGUB,1
116,SC_9153,1
117,TCGA-ZG-A9L6,0
118,AAPC-STID0000003820-Tumor-SM-2XTZW,0
119,TCGA-XK-AAIR,0
120,TCGA-VP-A875,0
121,PRAD-6115397.0-SM-7LGUJ,1
122,AAPC-IP_LG-061-Tumor-SM-3NC6X,0
123,TCGA-G9-6353,0
124,PROS10448-SUTC.01115091-SM-4JC6Y,1
125,TP_2032,1
126,TCGA-CH-5744,0
127,TCGA-EJ-A6RC,0
128,PR-04-3222,0
129,PR-00-160,0
130,PROS01448-1115161-SM-5SGU1,1
131,TCGA-FC-7708,0
132,SC_9031,1
133,TCGA-MG-AAMC,0
134,MO_1114,1
135,TCGA-J4-AAU2,0
136,03-139E3_RETROPERITONEAL,1
137,SC_9076,1
138,TCGA-G9-7523,0
139,PROS01448-1115202-SM-5SGU5,1
140,TCGA-CH-5750,0
141,AAPC-IP_LG-059-Tumor-SM-3NC6V,0
142,TCGA-FC-7961,0
143,TCGA-V1-A9OQ,0
144,AAPC-STID0000010902-Tumor-SM-2XU1E,0
145,SC_9071,1
146,MO_1447,1
147,TCGA-HC-7744,0
148,TCGA-G9-6336,0
149,AAPC-STID0000021557-Tumor-SM-3RVWA,0
150,PROS01448-6115235-SM-67ERY,1
151,TCGA-G9-6494,0
152,TCGA-KK-A6E8,0
153,PRAD-6115383.0-SM-7LGU6,1
154,PR-02-1899,0
