,id,response
0,TCGA-EJ-7792,0
1,99-091J_LN,1
2,12-011I7_LN,1
3,TCGA-XK-AAJ3,0
4,PRAD-6115402.0-SM-7LGUP,1
5,PR-01-2492,0
6,PM121,1
7,TCGA-2A-AAYU,0
8,P05-3859,0
9,P07-837,0
10,PROS01448-DFCI.10-448.P15-SM-5CQ5D,1
11,AAPC-IP_LG-031-Tumor-SM-3NC69,0
12,TCGA-KK-A7B2,0
13,TCGA-CH-5750,0
14,SC_9104,1
15,PR-05-3595,0
16,TCGA-HC-A6HX,0
17,TCGA-EJ-5494,0
18,TCGA-EJ-5503,0
19,TCGA-EJ-5531,0
20,TCGA-EJ-5501,0
21,SC_9123,1
22,PR-09-5446,0
23,AAPC-STID0000011949-Tumor-SM-2XU1I,0
24,SC_9085,1
25,AAPC-STID0000021598-Tumor-SM-2XTZN,0
26,P08-590,0
27,TCGA-YL-A8SL,0
28,SC_9153,1
29,TCGA-J4-A67N,0
30,PRAD-6115400.0-SM-7LGUM,1
31,TCGA-FC-7708,0
32,TCGA-MG-AAMC,0
33,TCGA-ZG-A9NI,0
34,TCGA-HC-7211,0
35,SC_9023,1
36,TCGA-EJ-7793,0
37,TCGA-ZG-A8QX,0
38,TCGA-CH-5761,0
39,TCGA-HC-8216,0
40,AAPC-IP_LG-019-Tumor-SM-3NC61,0
41,P04-1790,0
42,MO_1128,1
43,SC_9063,1
44,TCGA-KC-A4BL,0
45,TCGA-VN-A88R,0
46,SC_9011,1
47,TCGA-HC-7744,0
48,PM2,1
49,TCGA-ZG-A9LM,0
50,PRAD-6115383.0-SM-7LGU6,1
51,SC_9140,1
52,TCGA-EJ-7781,0
53,12688,0
54,AAPC-STID0000021597-Tumor-SM-3RVWK,0
55,SC_9060,1
56,TCGA-KK-A8I5,0
57,TCGA-KK-A7AY,0
58,MO_1179,1
59,21510,0
60,SC_9091,1
61,MO_1316,1
62,TCGA-HC-7233,0
63,TCGA-G9-6363,0
64,TCGA-EJ-5509,0
65,TCGA-J4-A67S,0
66,08-093J1_LN,1
67,TCGA-HC-A632,0
68,AAPC-STID0000015908-Tumor-SM-2XU1U,0
69,PR-02-2072,0
70,PM158,1
71,MO_1040,1
72,TCGA-EJ-5522,0
73,TCGA-ZG-A9N3,0
74,TCGA-G9-6498,0
75,TCGA-VN-A943,0
76,TCGA-M7-A71Z,0
77,PROS11496-6115236-SM-6CNPW,1
78,TCGA-HC-8264,0
79,P03-871,0
80,TCGA-HC-7209,0
81,TCGA-V1-A9OA,0
82,TCGA-KK-A8IL,0
83,AAPC-IP_LG-033-Tumor-SM-3NC6B,0
84,SC_9109,1
85,MO_1124,1
86,TCGA-G9-6371,0
87,TCGA-YL-A8HL,0
88,PRAD-STID7520-Tumor-SM-2RXM6,0
89,SC_9068,1
90,PM90,1
91,PRAD-01115343-SM-6VZ7N,1
92,TCGA-CH-5744,0
93,P07-360,0
94,TCGA-XK-AAK1,0
95,SC_9134,1
96,SC_9151,1
97,AAPC-STID0000021586-Tumor-SM-2XU24,0
98,SC_9128,1
99,SC_9031,1
100,P09-120,0
101,SC_9006,1
102,TCGA-V1-A9Z8,0
103,AAPC-STID0000021557-Tumor-SM-3RVWA,0
104,PROS12319B-SU2C-06115119-SM-4W2NE,1
105,TCGA-HC-A4ZV,0
106,SC_9099,1
107,MO_1130,1
108,TCGA-V1-A9OQ,0
109,TCGA-G9-6336,0
110,SC_9073,1
111,AAPC-STID0000020209-Tumor-SM-2XU21,0
112,PR-2915,0
113,TCGA-EJ-5517,0
114,TCGA-CH-5741,0
115,TCGA-VP-A875,0
116,MO_1176,1
117,TCGA-HC-7747,0
118,PM15,1
119,TCGA-J4-AAU2,0
120,99-090A2_LIVER,1
121,TCGA-CH-5746,0
122,AAPC-IP_LG-053-Tumor-SM-3NC6P,0
123,PRAD-6115390.0-SM-7LGUC,1
124,TCGA-EJ-8469,0
125,TCGA-G9-7523,0
126,TCGA-ZG-A9KY,0
127,MO_1095,1
128,TCGA-V1-A8MM,0
129,P04-2666,0
130,PR-09-3687,0
131,TCGA-G9-7525,0
132,PR-3026,0
133,TCGA-XK-AAIR,0
134,TCGA-G9-6494,0
135,PM156,1
136,PR-3023,0
137,PR-0415,0
138,TCGA-G9-6338,0
139,TCGA-G9-6353,0
140,PR-04-3347,0
141,TCGA-V1-A9O9,0
142,TCGA-KK-A59V,0
143,05-165O_ADRENAL,1
144,TCGA-EJ-5524,0
145,AAPC-STID0000021593-Tumor-SM-2XTZH,0
146,PRAD-01115349-SM-6VZ7M,1
147,PROS10448-1115126-SM-5EEBI,1
148,MO_1114,1
149,AAPC-IP_LG-075-Tumor-SM-3NC76,0
150,P03-2345,0
151,TCGA-ZG-A9LS,0
152,TCGA-HC-A6AS,0
153,AAPC-STID0000007540-Tumor-SM-2XU15,0
154,TCGA-EJ-A6RC,0
155,99-064O_LN,1
156,TCGA-J9-A52D,0
157,MO_1421,1
158,TCGA-KK-A7B3,0
159,PROS12319B-SU2C-06115120-SM-4W2NF,1
160,TCGA-EJ-A7NH,0
161,TCGA-KK-A6E6,0
162,PROS11496-6115285-SM-6CNPX,1
163,AAPC-STID0000021551-Tumor-SM-2XTYN,0
164,TCGA-HC-A631,0
165,PRAD-6115398.0-SM-7LGUK,1
166,PRAD-DFCI.11-104.15-SM-3S2HH,1
167,TCGA-ZG-A9LY,0
168,PROS10448-SUTC.01115091-SM-4JC6Y,1
169,03-139E3_RETROPERITONEAL,1
170,TCGA-ZG-A9L0,0
171,SC_9002,1
172,TCGA-HC-7212,0
173,TCGA-J9-A52C,0
174,P05-3852,0
175,TCGA-CH-5771,0
176,05-148E3_LIVER,1
177,TCGA-CH-5763,0
178,SC_9092,1
179,TCGA-YL-A8SC,0
180,MO_1339,1
181,P06-1125,0
182,21011,0
183,PR-09-5702,0
184,TCGA-V1-A9OY,0
185,PROS11496-6115295-SM-6CNQ7,1
186,PROS12319B-SU2C-06115115-SM-4W2NA,1
187,TCGA-HC-7230,0
188,TCGA-EJ-5512,0
189,AAPC-STID0000003820-Tumor-SM-2XTZW,0
190,PR-02-254,0
191,PR-00-160,0
192,TCGA-XK-AAIV,0
193,05-217L3_LUNG,1
194,TCGA-G9-6499,0
195,TCGA-ZG-A9LB,0
196,PROS10448-SUTC.01115081-SM-4JC6A,1
197,PROS01448-DFCI.10-448.P22-SM-5CQ5H,1
198,TCGA-HC-7232,0
199,TCGA-FC-A66V,0
200,PR-09-2744,0
201,TCGA-V1-A8MK,0
202,PR-00-1823,0
203,TCGA-EJ-8468,0
204,PRAD-6115397.0-SM-7LGUJ,1
205,22171,0
206,TCGA-EJ-7785,0
207,04-149E2_LN,1
208,TCGA-CH-5764,0
209,TCGA-M7-A720,0
210,TCGA-ZG-A9L1,0
211,PRAD-6115389.0-SM-7LGUB,1
212,MO_1084,1
213,AAPC-IP_LG-083-Tumor-SM-3NC7C,0
214,TCGA-CH-5753,0
215,AAPC-STID0000012110-Tumor-SM-2XU1J,0
216,PROS01448-DFCI.10-448.P30-SM-5CQ4V,1
217,SC_9040,1
218,TCGA-HC-8213,0
219,TCGA-HC-7075,0
220,TCGA-EJ-A46B,0
221,PROS10448-SUTC.01115085-SM-4JC6J,1
222,PR-2761,0
223,TCGA-YL-A8SA,0
224,TP_2077,1
225,MO_1460,1
226,SC_9124,1
227,TCGA-ZG-A9L6,0
228,TCGA-EJ-A7NM,0
229,AAPC-STID0000002869-Tumor-SM-2XU51,0
230,TCGA-EJ-A65D,0
231,PROS10448-SUTC.01115082-SM-4JC6B,1
232,P06-1696,0
233,01-095N1_LN,1
234,TCGA-EJ-7797,0
235,PROS10448-SUTC.01115090-SM-4JC6W,1
236,TCGA-QU-A6IN,0
237,TCGA-EJ-7783,0
238,TCGA-YL-A8SH,0
239,MO_1262,1
240,TCGA-KK-A8IH,0
241,TCGA-G9-A9S4,0
242,PROS01448-1115161-SM-5SGU1,1
243,TCGA-XQ-A8TB,0
244,TCGA-EJ-A7NK,0
245,AAPC-IP_LG-067-Tumor-SM-3NC6Z,0
246,MO_1447,1
247,TCGA-XJ-A9DQ,0
248,TCGA-G9-6343,0
249,TCGA-CH-5789,0
250,TCGA-KK-A5A1,0
251,P09-1580,0
252,TCGA-KK-A6E8,0
253,TCGA-FC-A8O0,0
254,TCGA-FC-A6HD,0
255,TCGA-G9-6367,0
256,TCGA-YL-A9WY,0
257,TCGA-YL-A8SP,0
258,TCGA-V1-A9OT,0
259,TP_2032,1
260,TCGA-EJ-A65J,0
261,AAPC-STID0000021577-Tumor-SM-3RVWH,0
262,TCGA-EJ-AB20,0
263,TCGA-V1-A8WS,0
264,PR-01-2554,0
265,TCGA-EJ-5519,0
266,PM14,1
267,SC_9150,1
268,TCGA-G9-6342,0
269,TCGA-EJ-A8FU,0
270,TCGA-EJ-7218,0
271,SC_9148,1
272,TCGA-KK-A7AZ,0
273,SC_9043,1
274,PM163,1
275,98-362B1_LN,1
276,AAPC-STID0000008920-Tumor-SM-2XU17,0
277,PRAD-01115257-SM-6WZF8,1
278,PR-02-1082,0
279,TCGA-KK-A6E5,0
280,SC_9007,1
281,TCGA-XK-AAJA,0
282,AAPC-STID0000021600-Tumor-SM-3RVWL,0
283,AAPC-IP_LG-061-Tumor-SM-3NC6X,0
284,AAPC-STID0000021608-Tumor-SM-3RVWO,0
285,PR-04-903,0
286,MO_1277,1
287,PROS11496-6115320-SM-6CNQ4,1
288,AAPC-STID0000010902-Tumor-SM-2XU1E,0
289,TCGA-YL-A9WJ,0
290,05-214BB2_BONE,1
291,AAPC-IP_LG-059-Tumor-SM-3NC6V,0
292,TCGA-KK-A59Z,0
293,TCGA-CH-5745,0
294,PR-04-194,0
295,AAPC-STID0000007180-Tumor-SM-2XU14,0
296,PROS12319B-SU2C-06115122-SM-4W2NH,1
297,03-163S4_LIVER,1
298,TCGA-G9-6370,0
299,AAPC-STID0000021563-Tumor-SM-2XTYU,0
300,TCGA-G9-6351,0
301,PRAD-6115403.0-SM-7LGUQ,1
302,SC_9076,1
303,MO_1105,1
304,PR-04-3222,0
305,TCGA-YL-A8HM,0
306,PROS01448-1115202-SM-5SGU5,1
307,TCGA-FC-7961,0
308,PRAD-STID18248-Tumor-SM-1RCU7,1
309,TCGA-YL-A8HK,0
310,TCGA-G9-7519,0
311,TP_2064,1
312,TCGA-V1-A9Z9,0
313,PR-02-1899,0
314,TCGA-KK-A6DY,0
315,MO_1094,1
316,TCGA-XA-A8JR,0
317,SC_9093,1
318,SC_9039,1
319,AAPC-IP_LG-051-Tumor-SM-3NC6N,0
320,12729,0
321,TCGA-HC-7213,0
322,TCGA-XJ-A9DX,0
323,TCGA-HI-7168,0
324,02-083E1_LN,1
325,SC_9010,1
326,TCGA-KK-A8I6,0
327,SC_9071,1
328,PROS01448-6115235-SM-67ERY,1
329,P05-3436,0
330,20870,1
331,21016,0
332,TCGA-G9-6366,0
333,TCGA-J9-A8CM,0
334,TCGA-EJ-5510,0
